微博id,微博正文,发布时间,点赞数,转发数,评论数
NhaQceFiY,#华为Mate60Pro+#  Mate60标准版和Mate60Pro都是毫无预兆的开售，那么Mate60Pro+有没有可能这两天官网搞突袭？  [组图共2张] 原图 ,2023-08-31 17:52,107,1,32
Nh9xfvSbk,iQOO Z8：天玑8200，LCD，6400W+OIS主摄，5000mAh+120W，8+256GB 1599元，12+256GB 1799元，12+512GB 1999元；iQOO Z8X：骁龙6Gen1，LCD，5000W主摄，6000mAh+44W，8+12GB 1199元，8+256GB 1299元，12+256GB 1499元；  [组图共2张] 原图 ,2023-08-31 19:33,206,6,95
Nh9g62qEH,Mate60Pro更新了，优化性能和稳定性，优化相机稳定性，提升拍摄效果  原图 ,2023-08-31 18:51,681,1,172
Nh9eT0fTr,[送花花]视频来啦~  原图 ,2023-08-31 18:48,447,5,98
Nh8lWhzpP,越用越懵逼! 么？红米K60至尊版 全面评测：对比Ace2、Neo8Pro 大米评测的微博视频  ,2023-08-31 16:32,434,571,173
Nh8l6dRTN,Mate60Pro视频，今晚见~  ,2023-08-31 16:30,623,1,137
Nh84QCeeq,话说OPPO，现在大家习惯叫绿厂还是黑厂？  ,2023-08-31 15:50,829,1,190
Nh83778Mv,华子这波是真的猛，前几天大家还激烈在讨论一加Ace2Pro和K60至尊版，Mate60系列一来，连这两台热门线上机的声音都没了，更不用说Realme的GT5、OPPO的新折叠。。。  ,2023-08-31 15:46,2636,16,327
Nh7e1l05j,华为商城目前在APP Store免费软件里排名第五，啥叫真正的国际大厂啊～ #华为商城App登顶苹果AppStore榜第一#  原图 ,2023-08-31 13:40,764,5,121
Nh6Otd6Rs,果子iPhone15发布时间是9月13日，凌晨1点。“史诗级”升级Type-C是没跑了，从海报来看，可能间接意味着新机的配色，黑蓝色和钛灰色~今年iPhone15系列大家最期待的升级点是啥？ #iPhone15系列爆料#  [组图共2张] 原图 ,2023-08-31 12:37,444,2,163
Nh6KxvEeH,[我来了]各种颜色版本都陆续上架啦~小米13/13Ultra定制【面条壳】：小米13：大米定制：小米13 面条壳  超薄/肤感/精致/好用 小米13Ultra：大米定制：小米13Ultra 面条壳  超薄/肤感/精致/好用呼呼，经过3个月反复打磨，小米13系列面条壳终终终于是做出来了。设计这款壳的时候，我们的主要目标是既要又要，颜值、手感在线，同时保护性也要兼顾到一些。所...全文 [组图共12张] 原图 ,2023-08-31 12:27,33,1,17
Nh6Hp6U1y,办公区楼下，同样电信5G卡，Mate60Pro能跑到530Mbps，P60Pro只能跑到117Mbps  #华为mate60#  [组图共2张] 原图 ,2023-08-31 12:20,787,6,193
Nh6s4b3GU,实测下来，Mate60Pro只要没有显示4G图标，那么当前就是5G网络状态  #华为mate60#大米评测的微博视频  ,2023-08-31 11:42,1970,61,321
Nh6eZosyf,话说Mate60系列发布会还会开么？官网直接开售后，好像到目前为止，没有其它关于发布会的预热信息来着？  ,2023-08-31 11:10,581,2,99
Nh6a0hdNg,Mate60Pro游戏性能部分目前能够横向对比参考的环节其实不多，感觉还是得等一波更新看看。比如目前原神会贴图错误，星铁星槎海中枢跑图也贴图错误，王者荣耀最高只有60帧，另外很多测试软件其实测不到麒麟9000S的那颗高频大核频率，软件能够读到的基本只有2.15GHz频率的大核。  ,2023-08-31 10:57,1670,7,384
Nh5F06KeC,今天开足马力，争取把Mate60Pro的体验视频做出来~  ,2023-08-31 09:41,1780,0,265
Nh5pPbv4P,Mate60Pro绿色甄姬实拍，大家更喜欢白色还是绿色？  #华为mate60#  [组图共8张] 原图 ,2023-08-31 09:04,693,8,273
Nh53LnE3D,早呀，Mate60Pro白色甄姬实拍，外观10分能打几分  #华为mate60#  [组图共8张] 原图 ,2023-08-31 08:09,1350,24,469
NgPt7aQJh,刷首页好像Mate60Pro线下开售就深圳有？官网抢了一台绿色，不过看实拍图，感觉还是白色好看，比较期待这次麒麟9000S的表现，坐等官网发货了~  原图 ,2023-08-29 16:28,1285,5,330
NgP4cy2f2,OPPO Find N3 Flip：12+256G 6799元，12+512G 7599元    ~感觉华子上线Mate60Pro后，今天这机子毫无热度。  原图 ,2023-08-29 15:26,1157,2,154
NgP3rz22M,OPPO Watch 4 Pro 2299，2499元，大家觉得怎么样？买不买？  原图 ,2023-08-29 15:25,762,3,159
NgOOhDB5V,话说竖折的外屏应该没多少人真正会去日常交互使用吧？更多的是看一些简单的信息预览~  [组图共2张] 原图 ,2023-08-29 14:47,279,4,60
NgOyuEzyN,今天还有其他手机发布会？？？  ,2023-08-29 14:08,1934,6,136
NgNSLzjqw,#华为Mate60#  Mate60Pro官方配置信息：麒麟9000S处理器，6.82英寸，2720*1260，1440Hz高频PWM调光，昆仑玻璃。前置3D人脸识别+屏下指纹，三颗摄像头，内存12GB，5000W主摄 F1.4-4.0可变光圈，4800W长焦（3.5X支持微距），1200W像素超广角，双频GPS，四频北斗。5000mAh电池+88W快充+50W无线。79mm...全文 [组图共9张] 原图 ,2023-08-29 12:26,11951,251,840
NgNR18MkM,#华为Mate60# Mate60Pro 目前开售的总共四个颜色：黑色、绿色、白色、紫色  [组图共4张] 原图 ,2023-08-29 12:21,289,7,100
NgNP95wjy,#华为Mate60# 华为Mate60Pro官网直接开售了...外观确认是昨天曝光的样子，正面是三颗摄像头  [组图共4张] 原图 ,2023-08-29 12:17,748,19,170
NgGKy429b,大A今天这属于是高开低走了  原图 ,2023-08-28 18:16,442,3,83
NgG06sx6A,目前2500-3000档位这几款机子，大家会选哪个？iQOO Neo8Pro、K60至尊版、一加Ace2Pro、真我GT5~ 目前2500-3000档位这几款机子，大家会选哪个？  ,2023-08-28 16:22,9241,11,208
NgFZqfwDz,等等，这茶饮竟然是小米生态链的  原图 ,2023-08-28 16:20,1179,9,136
NgFYM4p8b,据说小鹏G9改款加了双风冷无线，去掉了中台部分的钢琴烤漆，新增白色内饰，确实是把G9之前内饰的一些主要槽点改了。话说老G9用户能付费+双风冷无线么？原来那个不仅充电热，而且类皮材质很容易吸灰变脏。  [组图共2张] 原图 ,2023-08-28 16:18,124,2,31
NgFD74NZC,真我 GT5 8Gen2，150W版本12+256GB 2999元，16+512GB 3299元，240W版本24+1TB 3799元，大家觉得怎么样？买不买？  [组图共3张] 原图 ,2023-08-28 15:25,1654,19,198
NgFBPzkSa,第二代骁龙8标杆产品是：？  原图 ,2023-08-28 15:22,1166,14,135
NgFzDDKho,三频GPS，四频北斗  原图 ,2023-08-28 15:16,99,2,24
NgFwVd1dh,240W+4600mAh，150W+5240mAh，那肯定选后者啊  原图 ,2023-08-28 15:10,285,3,71
NgFwCAXJy,150W+5240mAh  原图 ,2023-08-28 15:09,95,0,32
NgFvWkEce,SuperVooc S 99.5%的放电效率  [组图共2张] 原图 ,2023-08-28 15:07,70,1,23
NgFuL2L4x,对于手机游戏插帧依然无感  原图 ,2023-08-28 15:04,99,0,37
NgFrCjZyr,游戏专属内存，可以添加6款任意游戏，支持后台挂机  原图 ,2023-08-28 14:57,107,1,29
NgFr67zoi,24GB+1TB  [组图共2张] 原图 ,2023-08-28 14:55,50,1,18
NgFqxuNDa,一加说：我普及大内存真我说：我普及大内存  原图 ,2023-08-28 14:54,235,2,45
NgFpRyjvs,燃模式，连上散热背夹，CPU频率直接拉满  原图 ,2023-08-28 14:52,56,0,19
NgFoK84di,CPU 极客性能面板~开放CPU频率调整，不过参考之前的魅族18系列，应该没有开放温控限制  原图 ,2023-08-28 14:50,88,1,20
NgFo2nXMn,友商是：？  原图 ,2023-08-28 14:48,198,1,54
NgFnx6YWH,8Gen2  原图 ,2023-08-28 14:47,65,2,12
NgFmwr4VQ,超窄边框直屏，没有大塑料支架 估计iQOO下一代也要去掉塑料支架了吧~  原图 ,2023-08-28 14:44,171,0,27
NgFmcATe4,背面的灯基本还是装饰效果，日常使用实用性其实很低  原图 ,2023-08-28 14:43,76,0,22
NgFlrnBPE,4条灯带  原图 ,2023-08-28 14:41,60,1,22
NgFkD7uzw,星雾绿洲  原图 ,2023-08-28 14:39,22,0,5
NgFjryRFg,流银幻境，美不美，打几分？  原图 ,2023-08-28 14:37,81,0,41
NgFi9ubrN,不可思议的曲面？  原图 ,2023-08-28 14:33,191,1,41
NgFhmq2pB,猜一个Realme GT5的售价？  原图 ,2023-08-28 14:31,177,0,136
NgFfBlDqv,最近疯狂进货各种茶饮，平仄乌龙茶大家喝过吗？  原图 ,2023-08-28 14:27,101,0,36
NgE9RgrP2,[我来了]各种颜色版本都陆续上架啦~小米13/13Ultra定制【面条壳】：小米13：大米定制：小米13 面条壳  超薄/肤感/精致/好用 小米13Ultra：大米定制：小米13Ultra 面条壳  超薄/肤感/精致/好用呼呼，经过3个月反复打磨，小米13系列面条壳终终终于是做出来了。设计这款壳的时候，我们的主要目标是既要又要，颜值、手感在线，同时保护性也要兼顾到一些。所...全文 [组图共12张] 原图 ,2023-08-28 11:40,40,0,33
NgDJljjAv,网传的最新华为Mate60外观，和之前爆料吻合。浅色版本下半部分有一个圆形拼接设计，星环摄像头回归，不过比Mate40Pro那会更大了，有点和今年荣耀X50的模组类似。  [组图共3张] 原图 ,2023-08-28 10:35,651,9,174
NgxIX9L2Q,K60至尊版视频发啦  原图 ,2023-08-27 19:17,899,6,232
NgwHhpqZB,最近工作室的饮料都变成东方树叶了。。。  原图 ,2023-08-27 16:41,482,3,162
Ngwt0yiNE,据说iPhone15Pro系列开始减重了14Pro 206g，15Pro 191g14Pro Max 240g，15Pro Max 221g加上15系列中框部分更加圆润，Pro Max机型的手感应该会有很大改进。  [组图共2张] 原图 ,2023-08-27 16:05,310,9,108
NguFgAKNx,[我来了]各种颜色版本都陆续上架啦~小米13/13Ultra定制【面条壳】：小米13：大米定制：小米13 面条壳  超薄/肤感/精致/好用 小米13Ultra：大米定制：小米13Ultra 面条壳  超薄/肤感/精致/好用呼呼，经过3个月反复打磨，小米13系列面条壳终终终于是做出来了。设计这款壳的时候，我们的主要目标是既要又要，颜值、手感在线，同时保护性也要兼顾到一些。所...全文 [组图共12张] 原图 ,2023-08-27 11:30,42,0,27
Ngmhv545P,翻译翻译，什么叫商务水桶机？ThinkBook14+ 2023 锐龙版 体验&拆解 大米评测的微博视频  ,2023-08-26 14:10,439,904,206
NgkDBl6qU,【闲聊】中端机 30W无线充电  vs IP68 vs 大尺寸马达 三选一的话你会选哪个？ 中端机 30W无线充电  vs IP68 vs 大尺寸马达 三选一的话你会选哪个？  ,2023-08-26 09:59,11125,9,251
NgkC0tqno,周六早呀，今天都准备干嘛？  ,2023-08-26 09:55,233,0,77
NgdUw5emw,轻启动公众号发文，表示也中招了，后续新版本将会移除“自动跳过”相关功能。  [组图共2张] 原图 ,2023-08-25 16:51,1303,29,214
NgbOB54NW,#iPhone15Pro新增灰色# 每年iPhone Pro系列都是一个新配色+3个基础色，iPhone13Pro系列是远峰蓝，iPhone14Pro系列是黑紫，iPhone15Pro系列爆料消息是钛灰色。当然如果不追新，不知道怎么选，选iPhone的银色肯定不会出错~  原图 ,2023-08-25 11:31,524,24,88
NgbKfv7RO,40款旗舰大比拼：谁是续航王中王？为什么有些手机续航尿崩 大米评测的微博视频  抽奖详情  ,2023-08-25 11:20,607,977,253
Ng4r6s2Ms,【闲聊】大家目前对手机拍照的需求是怎么样的？ 对手机拍照的需求是怎么样的？  ,2023-08-24 16:44,9832,14,180
微博id,微博正文,头条文章url,原始图片url,微博视频url,发布位置,发布时间,发布工具,点赞数,转发数,评论数
NhaQceFiY,#华为Mate60Pro+#  Mate60标准版和Mate60Pro都是毫无预兆的开售，那么Mate60Pro+有没有可能这两天官网搞突袭？  [组图共2张] 原图 ,,"http://ww4.sinaimg.cn/large/6f91bc6fly1hhgbd7myelj20vz14uju0.jpg,http://ww2.sinaimg.cn/large/6f91bc6fly1hhgbd7kdz0j20wg152jtp.jpg",无,无,2023-08-31 17:52,微博网页版,113,1,35
Nh9xfvSbk,iQOO Z8：天玑8200，LCD，6400W+OIS主摄，5000mAh+120W，8+256GB 1599元，12+256GB 1799元，12+512GB 1999元；iQOO Z8X：骁龙6Gen1，LCD，5000W主摄，6000mAh+44W，8+12GB 1199元，8+256GB 1299元，12+256GB 1499元；  [组图共2张] 原图 ,,"http://ww1.sinaimg.cn/large/6f91bc6fly1hhg5lyw7xdj211v0k9gna.jpg,http://ww3.sinaimg.cn/large/6f91bc6fly1hhg5lyw61wj211s0keq4k.jpg",无,无,2023-08-31 19:33,微博网页版,208,6,95
Nh9g62qEH,Mate60Pro更新了，优化性能和稳定性，优化相机稳定性，提升拍摄效果  原图 ,,https://wx4.sinaimg.cn/large/6f91bc6fgy1hhg4dw59hjj20z023kjv8.jpg,无,无,2023-08-31 18:51,HUAWEI Mate 60 Pro,684,1,172
Nh9eT0fTr,[送花花]视频来啦~  原图 ,,https://wx3.sinaimg.cn/large/6f91bc6fgy1hhg4atacxzj21401wb153.jpg,无,无,2023-08-31 18:48,Ultra Max Android,448,5,98
Nh8lWhzpP,越用越懵逼! 么？红米K60至尊版 全面评测：对比Ace2、Neo8Pro 大米评测的微博视频  ,,无,"https://f.video.weibocdn.com/o0/CTIZwmbplx088esXTEKc01041202cBRr0E010.mp4?label=mp4_hd&template=960x480.25.0&Expires=1693498013&ssig=YeL1o9KMBM&KID=unistore,video",无,2023-08-31 16:32,微博视频号,435,572,173
Nh8l6dRTN,Mate60Pro视频，今晚见~  ,,无,无,无,2023-08-31 16:30,微博网页版,623,1,137
Nh84QCeeq,话说OPPO，现在大家习惯叫绿厂还是黑厂？  ,,无,无,无,2023-08-31 15:50,微博网页版,830,1,190
Nh83778Mv,华子这波是真的猛，前几天大家还激烈在讨论一加Ace2Pro和K60至尊版，Mate60系列一来，连这两台热门线上机的声音都没了，更不用说Realme的GT5、OPPO的新折叠。。。  ,,无,无,无,2023-08-31 15:46,微博网页版,2637,16,327
Nh7e1l05j,华为商城目前在APP Store免费软件里排名第五，啥叫真正的国际大厂啊～ #华为商城App登顶苹果AppStore榜第一#  原图 ,,https://wx4.sinaimg.cn/large/6f91bc6fgy1hhfvd1be7vj20wr1z0qpf.jpg,无,无,2023-08-31 13:40,iPhone 14 Pro,764,5,121
Nh6Otd6Rs,果子iPhone15发布时间是9月13日，凌晨1点。“史诗级”升级Type-C是没跑了，从海报来看，可能间接意味着新机的配色，黑蓝色和钛灰色~今年iPhone15系列大家最期待的升级点是啥？ #iPhone15系列爆料#  [组图共2张] 原图 ,,"http://ww1.sinaimg.cn/large/6f91bc6fly1hhftkk4uaqj20zv1c1gy1.jpg,http://ww3.sinaimg.cn/large/6f91bc6fly1hhftkjzkl9j210y0nzdjo.jpg",无,无,2023-08-31 12:37,微博网页版,451,2,163
Nh6KxvEeH,[我来了]各种颜色版本都陆续上架啦~小米13/13Ultra定制【面条壳】：小米13：大米定制：小米13 面条壳  超薄/肤感/精致/好用 小米13Ultra：大米定制：小米13Ultra 面条壳  超薄/肤感/精致/好用呼呼，经过3个月反复打磨，小米13系列面条壳终终终于是做出来了。设计这款壳的时候，我们的主要目标是既要又要，颜值、手感在线，同时保护性也要兼顾到一些。所...全文 [组图共12张] 原图 ,,"http://ww4.sinaimg.cn/large/6f91bc6fly1hhftb7nonxj20vi0vi1c9.jpg,http://ww4.sinaimg.cn/large/6f91bc6fly1hhftb6twxpj20m80m8ww1.jpg,http://ww3.sinaimg.cn/large/6f91bc6fly1hhftb7lrwpj20vi0vih4l.jpg,http://ww4.sinaimg.cn/large/6f91bc6fly1hhftb7uan0j20vi0vikdq.jpg,http://ww1.sinaimg.cn/large/6f91bc6fly1hhftb7ogpdj20vi0vits2.jpg,http://ww4.sinaimg.cn/large/6f91bc6fly1hhftb7tsddj20vi0vie1o.jpg,http://ww1.sinaimg.cn/large/6f91bc6fly1hhftb7pz45j20vi0vi7mt.jpg,http://ww2.sinaimg.cn/large/6f91bc6fly1hhftb6wktoj20m80m8ww1.jpg,http://ww1.sinaimg.cn/large/6f91bc6fly1hhftb7hf2lj20vi0viar9.jpg,http://ww3.sinaimg.cn/large/6f91bc6fly1hhftb7lclpj20vi0vinfp.jpg,http://ww2.sinaimg.cn/large/6f91bc6fly1hhftb7kgybj20vi0vih3n.jpg,http://ww1.sinaimg.cn/large/6f91bc6fly1hhftb7tnqhj20vi0vikby.jpg",无,无,2023-08-31 12:27,大米评测的小店,33,1,17
Nh6Hp6U1y,办公区楼下，同样电信5G卡，Mate60Pro能跑到530Mbps，P60Pro只能跑到117Mbps  #华为mate60#  [组图共2张] 原图 ,,"http://ww2.sinaimg.cn/large/6f91bc6fly1hhft2yjbffj20mz1gedkw.jpg,http://ww1.sinaimg.cn/large/6f91bc6fly1hhft2yjlvij20nv1fwgqk.jpg",无,无,2023-08-31 12:20,微博网页版,787,6,193
Nh6s4b3GU,实测下来，Mate60Pro只要没有显示4G图标，那么当前就是5G网络状态  #华为mate60#大米评测的微博视频  ,,无,"https://f.video.weibocdn.com/o0/9oKLpyILlx088erUBnwQ01041200pmVC0E010.mp4?label=mp4_hd&template=852x480.25.0&Expires=1693498025&ssig=JdN3cB36id&KID=unistore,video",无,2023-08-31 11:42,微博视频号,1970,61,321
Nh6eZosyf,话说Mate60系列发布会还会开么？官网直接开售后，好像到目前为止，没有其它关于发布会的预热信息来着？  ,,无,无,无,2023-08-31 11:10,微博网页版,581,2,99
Nh6a0hdNg,Mate60Pro游戏性能部分目前能够横向对比参考的环节其实不多，感觉还是得等一波更新看看。比如目前原神会贴图错误，星铁星槎海中枢跑图也贴图错误，王者荣耀最高只有60帧，另外很多测试软件其实测不到麒麟9000S的那颗高频大核频率，软件能够读到的基本只有2.15GHz频率的大核。  ,,无,无,无,2023-08-31 10:57,微博网页版,1670,7,384
Nh5F06KeC,今天开足马力，争取把Mate60Pro的体验视频做出来~  ,,无,无,无,2023-08-31 09:41,微博网页版,1781,0,265
Nh5pPbv4P,Mate60Pro绿色甄姬实拍，大家更喜欢白色还是绿色？  #华为mate60#  [组图共8张] 原图 ,,"http://ww2.sinaimg.cn/large/6f91bc6fgy1hhfneyqdfkj22dc35su0x.jpg,http://ww1.sinaimg.cn/large/6f91bc6fgy1hhfnezyn7kj22dc35sx6p.jpg,http://ww2.sinaimg.cn/large/6f91bc6fgy1hhfnf28b23j22dc35s7wi.jpg,http://ww4.sinaimg.cn/large/6f91bc6fgy1hhfnf3i01hj22dc35sx6p.jpg,http://ww1.sinaimg.cn/large/6f91bc6fgy1hhfnf4jrr3j22dc35snpd.jpg,http://ww4.sinaimg.cn/large/6f91bc6fgy1hhfnf5mcsgj22dc35snpd.jpg,http://ww3.sinaimg.cn/large/6f91bc6fgy1hhfnf6lnc2j22dc35skjl.jpg,http://ww2.sinaimg.cn/large/6f91bc6fgy1hhfnf88dlej22dc35s1ky.jpg",无,无,2023-08-31 09:04,Ultra Max Android,693,8,273
Nh53LnE3D,早呀，Mate60Pro白色甄姬实拍，外观10分能打几分  #华为mate60#  [组图共8张] 原图 ,,"http://ww4.sinaimg.cn/large/6f91bc6fgy1hhflufpcn7j22dc35su0x.jpg,http://ww4.sinaimg.cn/large/6f91bc6fgy1hhflugp0f2j22dc35sqv5.jpg,http://ww2.sinaimg.cn/large/6f91bc6fgy1hhfluhsjyaj22dc35s7wi.jpg,http://ww2.sinaimg.cn/large/6f91bc6fgy1hhfluj82kxj22dc35skjl.jpg,http://ww1.sinaimg.cn/large/6f91bc6fgy1hhfluk81npj22dc35snpd.jpg,http://ww4.sinaimg.cn/large/6f91bc6fgy1hhflulx07uj22dc35snpd.jpg,http://ww4.sinaimg.cn/large/6f91bc6fgy1hhflumxl1yj22dc35sqv5.jpg,http://ww2.sinaimg.cn/large/6f91bc6fgy1hhflunxpcwj22dc35snpd.jpg",无,无,2023-08-31 08:09,Ultra Max Android,1350,24,469
NgPt7aQJh,刷首页好像Mate60Pro线下开售就深圳有？官网抢了一台绿色，不过看实拍图，感觉还是白色好看，比较期待这次麒麟9000S的表现，坐等官网发货了~  原图 ,,https://wx3.sinaimg.cn/large/6f91bc6fgy1hhdp026hj8j20vd0u0wgm.jpg,无,无,2023-08-29 16:28,Ultra Max Android,1285,5,330
NgP4cy2f2,OPPO Find N3 Flip：12+256G 6799元，12+512G 7599元    ~感觉华子上线Mate60Pro后，今天这机子毫无热度。  原图 ,,https://wx3.sinaimg.cn/large/6f91bc6fgy1hhdn85kba6j21400naabe.jpg,无,无,2023-08-29 15:26,Ultra Max Android,1157,2,154
NgP3rz22M,OPPO Watch 4 Pro 2299，2499元，大家觉得怎么样？买不买？  原图 ,,https://wx3.sinaimg.cn/large/6f91bc6fgy1hhdn6x57wmj21400nmjt8.jpg,无,无,2023-08-29 15:25,Ultra Max Android,762,3,159
NgOOhDB5V,话说竖折的外屏应该没多少人真正会去日常交互使用吧？更多的是看一些简单的信息预览~  [组图共2张] 原图 ,,"http://ww3.sinaimg.cn/large/6f91bc6fgy1hhdm3xac4aj21u00u00vi.jpg,http://ww4.sinaimg.cn/large/6f91bc6fgy1hhdm3xpuzqj21400kfmyv.jpg",无,无,2023-08-29 14:47,Ultra Max Android,279,4,60
NgOyuEzyN,今天还有其他手机发布会？？？  ,,无,无,无,2023-08-29 14:08,Ultra Max Android,1934,6,136
NgNSLzjqw,#华为Mate60#  Mate60Pro官方配置信息：麒麟9000S处理器，6.82英寸，2720*1260，1440Hz高频PWM调光，昆仑玻璃。前置3D人脸识别+屏下指纹，三颗摄像头，内存12GB，5000W主摄 F1.4-4.0可变光圈，4800W长焦（3.5X支持微距），1200W像素超广角，双频GPS，四频北斗。5000mAh电池+88W快充+50W无线。79mm...全文 [组图共9张] 原图 ,,"http://ww2.sinaimg.cn/large/6f91bc6fly1hhdhzkt4w1j20ja0l3tbk.jpg,http://ww2.sinaimg.cn/large/6f91bc6fly1hhdhzl0485j20xt0ykqcb.jpg,http://ww2.sinaimg.cn/large/6f91bc6fly1hhdhzl1nwnj21mh152k2q.jpg,http://ww2.sinaimg.cn/large/6f91bc6fly1hhdhzl1c46j21kv15ddt3.jpg,http://ww3.sinaimg.cn/large/6f91bc6fly1hhdhzkzyv0j20x70xrtj7.jpg,http://ww1.sinaimg.cn/large/6f91bc6fly1hhdhzl6zctj21np160wy0.jpg,http://ww1.sinaimg.cn/large/6f91bc6fly1hhdhzkzkh0j21lj1aagts.jpg,http://ww4.sinaimg.cn/large/6f91bc6fly1hhdhzkw3vbj21m20zxagc.jpg,http://ww3.sinaimg.cn/large/6f91bc6fly1hhdhzswcdhj21mh1bhgqs.jpg",无,无,2023-08-29 12:26,微博网页版,11951,251,840
NgNR18MkM,#华为Mate60# Mate60Pro 目前开售的总共四个颜色：黑色、绿色、白色、紫色  [组图共4张] 原图 ,,"http://ww2.sinaimg.cn/large/6f91bc6fly1hhdhw4p75rj20jq0kz776.jpg,http://ww4.sinaimg.cn/large/6f91bc6fly1hhdhw4q4g2j20jc0l2dib.jpg,http://ww3.sinaimg.cn/large/6f91bc6fly1hhdhw4nydhj20ir0l10vl.jpg,http://ww4.sinaimg.cn/large/6f91bc6fly1hhdhw4oa9tj20ja0l3tbk.jpg",无,无,2023-08-29 12:21,微博网页版,289,7,100
NgNP95wjy,#华为Mate60# 华为Mate60Pro官网直接开售了...外观确认是昨天曝光的样子，正面是三颗摄像头  [组图共4张] 原图 ,,"http://ww2.sinaimg.cn/large/6f91bc6fly1hhdhr3nyeij21ea0rg45l.jpg,http://ww1.sinaimg.cn/large/6f91bc6fly1hhdhr3pz3kj22230t4n7y.jpg,http://ww2.sinaimg.cn/large/6f91bc6fly1hhdhr3luroj20kf0lemzn.jpg,http://ww3.sinaimg.cn/large/6f91bc6fly1hhdhr3mxp0j215y0pln1g.jpg",无,无,2023-08-29 12:17,微博网页版,748,19,170
NgGKy429b,大A今天这属于是高开低走了  原图 ,,https://wx1.sinaimg.cn/large/6f91bc6fly1hhcmi049d0j212o18wwhs.jpg,无,无,2023-08-28 18:16,微博网页版,442,3,83
NgG06sx6A,目前2500-3000档位这几款机子，大家会选哪个？iQOO Neo8Pro、K60至尊版、一加Ace2Pro、真我GT5~ 目前2500-3000档位这几款机子，大家会选哪个？  ,,无,无,无,2023-08-28 16:22,微博网页版,9241,11,208
NgFZqfwDz,等等，这茶饮竟然是小米生态链的  原图 ,,https://wx2.sinaimg.cn/large/6f91bc6fly1hhcj66dahxj20ry11cqcd.jpg,无,无,2023-08-28 16:20,微博网页版,1179,9,136
NgFYM4p8b,据说小鹏G9改款加了双风冷无线，去掉了中台部分的钢琴烤漆，新增白色内饰，确实是把G9之前内饰的一些主要槽点改了。话说老G9用户能付费+双风冷无线么？原来那个不仅充电热，而且类皮材质很容易吸灰变脏。  [组图共2张] 原图 ,,"http://ww4.sinaimg.cn/large/6f91bc6fly1hhcj3rqivfj21h10svn7x.jpg,http://ww3.sinaimg.cn/large/6f91bc6fly1hhcj3rt8d6j20rq1el49g.jpg",无,无,2023-08-28 16:18,微博网页版,124,2,31
NgFD74NZC,真我 GT5 8Gen2，150W版本12+256GB 2999元，16+512GB 3299元，240W版本24+1TB 3799元，大家觉得怎么样？买不买？  [组图共3张] 原图 ,,"http://ww1.sinaimg.cn/large/6f91bc6fly1hhchk4hcdsj21600nj778.jpg,http://ww4.sinaimg.cn/large/6f91bc6fly1hhchl0y7cnj216t0nen01.jpg,http://ww4.sinaimg.cn/large/6f91bc6fly1hhchl12pucj217m0o9tjf.jpg",无,无,2023-08-28 15:25,微博网页版,1654,19,198
NgFBPzkSa,第二代骁龙8标杆产品是：？  原图 ,,https://wx3.sinaimg.cn/large/6f91bc6fly1hhchhrlt0kj216e0ksgo6.jpg,无,无,2023-08-28 15:22,微博网页版,1166,14,135
NgFzDDKho,三频GPS，四频北斗  原图 ,,https://wx3.sinaimg.cn/large/6f91bc6fly1hhchc5pxgvj21660nfq66.jpg,无,无,2023-08-28 15:16,微博网页版,99,2,24
NgFwVd1dh,240W+4600mAh，150W+5240mAh，那肯定选后者啊  原图 ,,https://wx4.sinaimg.cn/large/6f91bc6fly1hhch56sowzj216f0nfdis.jpg,无,无,2023-08-28 15:10,微博网页版,285,3,71
NgFwCAXJy,150W+5240mAh  原图 ,,https://wx3.sinaimg.cn/large/6f91bc6fly1hhch4ez2rfj216l0nmq7e.jpg,无,无,2023-08-28 15:09,微博网页版,95,0,32
NgFvWkEce,SuperVooc S 99.5%的放电效率  [组图共2张] 原图 ,,"http://ww4.sinaimg.cn/large/6f91bc6fly1hhch2njfehj21790o3dkj.jpg,http://ww2.sinaimg.cn/large/6f91bc6fly1hhch2nkaibj211e0nrago.jpg",无,无,2023-08-28 15:07,微博网页版,70,1,23
NgFuL2L4x,对于手机游戏插帧依然无感  原图 ,,https://wx3.sinaimg.cn/large/6f91bc6fly1hhcgzdxcgkj217a0nk109.jpg,无,无,2023-08-28 15:04,微博网页版,99,0,37
NgFrCjZyr,游戏专属内存，可以添加6款任意游戏，支持后台挂机  原图 ,,https://wx1.sinaimg.cn/large/6f91bc6fly1hhcgrl4n2gj21720nin1e.jpg,无,无,2023-08-28 14:57,微博网页版,107,1,29
NgFr67zoi,24GB+1TB  [组图共2张] 原图 ,,"http://ww4.sinaimg.cn/large/6f91bc6fly1hhcgq8cd6xj21750nxjw2.jpg,http://ww1.sinaimg.cn/large/6f91bc6fly1hhcgq8chqxj216z0nrafh.jpg",无,无,2023-08-28 14:55,微博网页版,50,1,18
NgFqxuNDa,一加说：我普及大内存真我说：我普及大内存  原图 ,,https://wx4.sinaimg.cn/large/6f91bc6fly1hhcgoswipcj217g0nugos.jpg,无,无,2023-08-28 14:54,微博网页版,235,2,45
NgFpRyjvs,燃模式，连上散热背夹，CPU频率直接拉满  原图 ,,https://wx4.sinaimg.cn/large/6f91bc6fly1hhcgmzay1vj216b0nj0xe.jpg,无,无,2023-08-28 14:52,微博网页版,56,0,19
NgFoK84di,CPU 极客性能面板~开放CPU频率调整，不过参考之前的魅族18系列，应该没有开放温控限制  原图 ,,https://wx3.sinaimg.cn/large/6f91bc6fly1hhcgk1f19zj215r0ktwh4.jpg,无,无,2023-08-28 14:50,微博网页版,88,1,20
NgFo2nXMn,友商是：？  原图 ,,https://wx2.sinaimg.cn/large/6f91bc6fly1hhcgiemo16j210x0kmtax.jpg,无,无,2023-08-28 14:48,微博网页版,198,1,54
NgFnx6YWH,8Gen2  原图 ,,https://wx1.sinaimg.cn/large/6f91bc6fly1hhcgh3uhv9j215b0m0tbz.jpg,无,无,2023-08-28 14:47,微博网页版,65,2,12
NgFmwr4VQ,超窄边框直屏，没有大塑料支架 估计iQOO下一代也要去掉塑料支架了吧~  原图 ,,https://wx2.sinaimg.cn/large/6f91bc6fly1hhcge3fe7ej217h0nxaf4.jpg,无,无,2023-08-28 14:44,微博网页版,171,0,27
NgFmcATe4,背面的灯基本还是装饰效果，日常使用实用性其实很低  原图 ,,https://wx3.sinaimg.cn/large/6f91bc6fly1hhcgderyj7j21770nmwhw.jpg,无,无,2023-08-28 14:43,微博网页版,76,0,22
NgFlrnBPE,4条灯带  原图 ,,https://wx1.sinaimg.cn/large/6f91bc6fly1hhcgbr1youj216j0nkdig.jpg,无,无,2023-08-28 14:41,微博网页版,60,1,22
NgFkD7uzw,星雾绿洲  原图 ,,https://wx2.sinaimg.cn/large/6f91bc6fly1hhcg9nwpv7j21700nztek.jpg,无,无,2023-08-28 14:39,微博网页版,22,0,5
NgFjryRFg,流银幻境，美不美，打几分？  原图 ,,https://wx1.sinaimg.cn/large/6f91bc6fly1hhcg6ki4fuj216y0n7gq7.jpg,无,无,2023-08-28 14:37,微博网页版,81,0,41
NgFi9ubrN,不可思议的曲面？  原图 ,,https://wx3.sinaimg.cn/large/6f91bc6fly1hhcg3blwwqj216z0nx438.jpg,无,无,2023-08-28 14:33,微博网页版,191,1,41
NgFhmq2pB,猜一个Realme GT5的售价？  原图 ,,https://wx4.sinaimg.cn/large/6f91bc6fly1hhcg17upwej21e00pqdlm.jpg,无,无,2023-08-28 14:31,微博网页版,177,0,136
NgFfBlDqv,最近疯狂进货各种茶饮，平仄乌龙茶大家喝过吗？  原图 ,,https://wx2.sinaimg.cn/large/6f91bc6fgy1hhcfwshxowj22dc35su0x.jpg,无,无,2023-08-28 14:27,Ultra Max Android,101,0,36
NgE9RgrP2,[我来了]各种颜色版本都陆续上架啦~小米13/13Ultra定制【面条壳】：小米13：大米定制：小米13 面条壳  超薄/肤感/精致/好用 小米13Ultra：大米定制：小米13Ultra 面条壳  超薄/肤感/精致/好用呼呼，经过3个月反复打磨，小米13系列面条壳终终终于是做出来了。设计这款壳的时候，我们的主要目标是既要又要，颜值、手感在线，同时保护性也要兼顾到一些。所...全文 [组图共12张] 原图 ,,"http://ww4.sinaimg.cn/large/6f91bc6fly1hhcb2wulmtj20vi0vi7mt.jpg,http://ww3.sinaimg.cn/large/6f91bc6fly1hhcb2wp3gzj20vi0vih3n.jpg,http://ww1.sinaimg.cn/large/6f91bc6fly1hhcb2wiphpj20vi0viar9.jpg,http://ww4.sinaimg.cn/large/6f91bc6fly1hhcb2wrk0dj20vi0vinfp.jpg,http://ww1.sinaimg.cn/large/6f91bc6fly1hhcb2vh9wsj20m80m8ww1.jpg,http://ww3.sinaimg.cn/large/6f91bc6fly1hhcb2wwfvtj20vi0vikby.jpg,http://ww2.sinaimg.cn/large/6f91bc6fly1hhcb2wt9y5j20vi0vi1c9.jpg,http://ww4.sinaimg.cn/large/6f91bc6fly1hhcb2vhy4dj20m80m8ww1.jpg,http://ww2.sinaimg.cn/large/6f91bc6fly1hhcb2wsia1j20vi0vih4l.jpg,http://ww1.sinaimg.cn/large/6f91bc6fly1hhcb2wynocj20vi0vikdq.jpg,http://ww3.sinaimg.cn/large/6f91bc6fly1hhcb2wt9jlj20vi0vits2.jpg,http://ww3.sinaimg.cn/large/6f91bc6fly1hhcb2wxja9j20vi0vie1o.jpg",无,无,2023-08-28 11:40,大米评测的小店,40,0,33
NgDJljjAv,网传的最新华为Mate60外观，和之前爆料吻合。浅色版本下半部分有一个圆形拼接设计，星环摄像头回归，不过比Mate40Pro那会更大了，有点和今年荣耀X50的模组类似。  [组图共3张] 原图 ,,"http://ww2.sinaimg.cn/large/6f91bc6fly1hhc9655w3ej20tx0mf7ag.jpg,http://ww4.sinaimg.cn/large/6f91bc6fly1hhc965572lj20ib0wqwj2.jpg,http://ww4.sinaimg.cn/large/6f91bc6fly1hhc96kk5ymj20ty14tq97.jpg",无,无,2023-08-28 10:35,微博网页版,651,9,174
微博id,微博正文,头条文章url,原始图片url,微博视频url,发布位置,发布时间,发布工具,点赞数,转发数,评论数
NhaQceFiY,#华为Mate60Pro+#  Mate60标准版和Mate60Pro都是毫无预兆的开售，那么Mate60Pro+有没有可能这两天官网搞突袭？  [组图共2张] 原图 ,,"http://ww4.sinaimg.cn/large/6f91bc6fly1hhgbd7myelj20vz14uju0.jpg,http://ww2.sinaimg.cn/large/6f91bc6fly1hhgbd7kdz0j20wg152jtp.jpg",无,无,2023-08-31 17:52,微博网页版,132,1,43
Nh9xfvSbk,iQOO Z8：天玑8200，LCD，6400W+OIS主摄，5000mAh+120W，8+256GB 1599元，12+256GB 1799元，12+512GB 1999元；iQOO Z8X：骁龙6Gen1，LCD，5000W主摄，6000mAh+44W，8+12GB 1199元，8+256GB 1299元，12+256GB 1499元；  [组图共2张] 原图 ,,"http://ww1.sinaimg.cn/large/6f91bc6fly1hhg5lyw7xdj211v0k9gna.jpg,http://ww3.sinaimg.cn/large/6f91bc6fly1hhg5lyw61wj211s0keq4k.jpg",无,无,2023-08-31 19:33,微博网页版,210,6,96
Nh9g62qEH,Mate60Pro更新了，优化性能和稳定性，优化相机稳定性，提升拍摄效果  原图 ,,https://wx4.sinaimg.cn/large/6f91bc6fgy1hhg4dw59hjj20z023kjv8.jpg,无,无,2023-08-31 18:51,HUAWEI Mate 60 Pro,694,1,173
Nh9eT0fTr,[送花花]视频来啦~  原图 ,,https://wx3.sinaimg.cn/large/6f91bc6fgy1hhg4atacxzj21401wb153.jpg,无,无,2023-08-31 18:48,Ultra Max Android,451,5,100
Nh8lWhzpP,越用越懵逼! 么？红米K60至尊版 全面评测：对比Ace2、Neo8Pro 大米评测的微博视频  ,,无,"https://f.video.weibocdn.com/o0/CTIZwmbplx088esXTEKc01041202cBRr0E010.mp4?label=mp4_hd&template=960x480.25.0&Expires=1693498272&ssig=pKo6AiLgGf&KID=unistore,video",无,2023-08-31 16:32,微博视频号,439,573,173
Nh8l6dRTN,Mate60Pro视频，今晚见~  ,,无,无,无,2023-08-31 16:30,微博网页版,623,1,137
Nh84QCeeq,话说OPPO，现在大家习惯叫绿厂还是黑厂？  ,,无,无,无,2023-08-31 15:50,微博网页版,830,1,190
Nh83778Mv,华子这波是真的猛，前几天大家还激烈在讨论一加Ace2Pro和K60至尊版，Mate60系列一来，连这两台热门线上机的声音都没了，更不用说Realme的GT5、OPPO的新折叠。。。  ,,无,无,无,2023-08-31 15:46,微博网页版,2642,16,329
Nh7e1l05j,华为商城目前在APP Store免费软件里排名第五，啥叫真正的国际大厂啊～ #华为商城App登顶苹果AppStore榜第一#  原图 ,,https://wx4.sinaimg.cn/large/6f91bc6fgy1hhfvd1be7vj20wr1z0qpf.jpg,无,无,2023-08-31 13:40,iPhone 14 Pro,765,5,121
Nh6Otd6Rs,果子iPhone15发布时间是9月13日，凌晨1点。“史诗级”升级Type-C是没跑了，从海报来看，可能间接意味着新机的配色，黑蓝色和钛灰色~今年iPhone15系列大家最期待的升级点是啥？ #iPhone15系列爆料#  [组图共2张] 原图 ,,"http://ww1.sinaimg.cn/large/6f91bc6fly1hhftkk4uaqj20zv1c1gy1.jpg,http://ww3.sinaimg.cn/large/6f91bc6fly1hhftkjzkl9j210y0nzdjo.jpg",无,无,2023-08-31 12:37,微博网页版,463,2,163
Nh6KxvEeH,[我来了]各种颜色版本都陆续上架啦~小米13/13Ultra定制【面条壳】：小米13：大米定制：小米13 面条壳  超薄/肤感/精致/好用 小米13Ultra：大米定制：小米13Ultra 面条壳  超薄/肤感/精致/好用呼呼，经过3个月反复打磨，小米13系列面条壳终终终于是做出来了。设计这款壳的时候，我们的主要目标是既要又要，颜值、手感在线，同时保护性也要兼顾到一些。所以我们选择了超薄PC这个线路。原本以为6月中旬就可以上架，但实际开模，生产过程中遇到了些问题，反复调整了好多道工艺，现在终于和大家见面了！优点： 保护性：PC材质比PP硬度更高，保护性更好。超薄：实测侧边厚度约0.85mm，相较于TPU边框，PC材质边框可以做薄但不易变形。背面算上凸起纹理约1mm，这款【面条壳】13非磁吸版本重量约15g，13Ultra非磁吸版本重量约17g，配合细腻的肤感涂层，手感妥妥的，这个大家可以买来感受下。 后盖加入了面条纹理，一方面是可以有效防滑，带来更好的握持手感，另外凹凸的面条纹理，在不同光线下还能够呈现独特的明暗对比效果，提升保护壳的质感。缺点：生产过程中会一道工序进行肤感油喷涂，内部四个边角仔细看会有一个小凹点（治具固定留下），半透颜色版本这四个小点会透出来，戴上后不仔细看，其实不明显，当然介意这点的话，建议选择实色版本。沁白、纯白配色，相对容易显脏，时间长了之后也会出现局部轻微泛黄，耐脏性比较好的是沁灰、橘橙。夜紫在反光条线下容易显油污。这个大家根据自己的使用环境来选择。             [组图共12张]      原图                             ,,"http://ww4.sinaimg.cn/large/6f91bc6fly1hhftb7nonxj20vi0vi1c9.jpg,http://ww4.sinaimg.cn/large/6f91bc6fly1hhftb6twxpj20m80m8ww1.jpg,http://ww3.sinaimg.cn/large/6f91bc6fly1hhftb7lrwpj20vi0vih4l.jpg,http://ww4.sinaimg.cn/large/6f91bc6fly1hhftb7uan0j20vi0vikdq.jpg,http://ww1.sinaimg.cn/large/6f91bc6fly1hhftb7ogpdj20vi0vits2.jpg,http://ww4.sinaimg.cn/large/6f91bc6fly1hhftb7tsddj20vi0vie1o.jpg,http://ww1.sinaimg.cn/large/6f91bc6fly1hhftb7pz45j20vi0vi7mt.jpg,http://ww2.sinaimg.cn/large/6f91bc6fly1hhftb6wktoj20m80m8ww1.jpg,http://ww1.sinaimg.cn/large/6f91bc6fly1hhftb7hf2lj20vi0viar9.jpg,http://ww3.sinaimg.cn/large/6f91bc6fly1hhftb7lclpj20vi0vinfp.jpg,http://ww2.sinaimg.cn/large/6f91bc6fly1hhftb7kgybj20vi0vih3n.jpg,http://ww1.sinaimg.cn/large/6f91bc6fly1hhftb7tnqhj20vi0vikby.jpg",无,无,2023-08-31 12:27,大米评测的小店,33,1,17
Nh6Hp6U1y,办公区楼下，同样电信5G卡，Mate60Pro能跑到530Mbps，P60Pro只能跑到117Mbps  #华为mate60#  [组图共2张] 原图 ,,"http://ww2.sinaimg.cn/large/6f91bc6fly1hhft2yjbffj20mz1gedkw.jpg,http://ww1.sinaimg.cn/large/6f91bc6fly1hhft2yjlvij20nv1fwgqk.jpg",无,无,2023-08-31 12:20,微博网页版,790,6,193
Nh6s4b3GU,实测下来，Mate60Pro只要没有显示4G图标，那么当前就是5G网络状态  #华为mate60#大米评测的微博视频  ,,无,"https://f.video.weibocdn.com/o0/9oKLpyILlx088erUBnwQ01041200pmVC0E010.mp4?label=mp4_hd&template=852x480.25.0&Expires=1693498312&ssig=BPMEm358rG&KID=unistore,video",无,2023-08-31 11:42,微博视频号,1970,61,321
Nh6eZosyf,话说Mate60系列发布会还会开么？官网直接开售后，好像到目前为止，没有其它关于发布会的预热信息来着？  ,,无,无,无,2023-08-31 11:10,微博网页版,581,2,99
Nh6a0hdNg,Mate60Pro游戏性能部分目前能够横向对比参考的环节其实不多，感觉还是得等一波更新看看。比如目前原神会贴图错误，星铁星槎海中枢跑图也贴图错误，王者荣耀最高只有60帧，另外很多测试软件其实测不到麒麟9000S的那颗高频大核频率，软件能够读到的基本只有2.15GHz频率的大核。  ,,无,无,无,2023-08-31 10:57,微博网页版,1672,7,384
Nh5F06KeC,今天开足马力，争取把Mate60Pro的体验视频做出来~  ,,无,无,无,2023-08-31 09:41,微博网页版,1781,0,265
Nh5pPbv4P,Mate60Pro绿色甄姬实拍，大家更喜欢白色还是绿色？  #华为mate60#  [组图共8张] 原图 ,,"http://ww2.sinaimg.cn/large/6f91bc6fgy1hhfneyqdfkj22dc35su0x.jpg,http://ww1.sinaimg.cn/large/6f91bc6fgy1hhfnezyn7kj22dc35sx6p.jpg,http://ww2.sinaimg.cn/large/6f91bc6fgy1hhfnf28b23j22dc35s7wi.jpg,http://ww4.sinaimg.cn/large/6f91bc6fgy1hhfnf3i01hj22dc35sx6p.jpg,http://ww1.sinaimg.cn/large/6f91bc6fgy1hhfnf4jrr3j22dc35snpd.jpg,http://ww4.sinaimg.cn/large/6f91bc6fgy1hhfnf5mcsgj22dc35snpd.jpg,http://ww3.sinaimg.cn/large/6f91bc6fgy1hhfnf6lnc2j22dc35skjl.jpg,http://ww2.sinaimg.cn/large/6f91bc6fgy1hhfnf88dlej22dc35s1ky.jpg",无,无,2023-08-31 09:04,Ultra Max Android,694,8,273
Nh53LnE3D,早呀，Mate60Pro白色甄姬实拍，外观10分能打几分  #华为mate60#  [组图共8张] 原图 ,,"http://ww4.sinaimg.cn/large/6f91bc6fgy1hhflufpcn7j22dc35su0x.jpg,http://ww4.sinaimg.cn/large/6f91bc6fgy1hhflugp0f2j22dc35sqv5.jpg,http://ww2.sinaimg.cn/large/6f91bc6fgy1hhfluhsjyaj22dc35s7wi.jpg,http://ww2.sinaimg.cn/large/6f91bc6fgy1hhfluj82kxj22dc35skjl.jpg,http://ww1.sinaimg.cn/large/6f91bc6fgy1hhfluk81npj22dc35snpd.jpg,http://ww4.sinaimg.cn/large/6f91bc6fgy1hhflulx07uj22dc35snpd.jpg,http://ww4.sinaimg.cn/large/6f91bc6fgy1hhflumxl1yj22dc35sqv5.jpg,http://ww2.sinaimg.cn/large/6f91bc6fgy1hhflunxpcwj22dc35snpd.jpg",无,无,2023-08-31 08:09,Ultra Max Android,1350,24,469
NgPt7aQJh,刷首页好像Mate60Pro线下开售就深圳有？官网抢了一台绿色，不过看实拍图，感觉还是白色好看，比较期待这次麒麟9000S的表现，坐等官网发货了~  原图 ,,https://wx3.sinaimg.cn/large/6f91bc6fgy1hhdp026hj8j20vd0u0wgm.jpg,无,无,2023-08-29 16:28,Ultra Max Android,1285,5,330
NgP4cy2f2,OPPO Find N3 Flip：12+256G 6799元，12+512G 7599元    ~感觉华子上线Mate60Pro后，今天这机子毫无热度。  原图 ,,https://wx3.sinaimg.cn/large/6f91bc6fgy1hhdn85kba6j21400naabe.jpg,无,无,2023-08-29 15:26,Ultra Max Android,1157,2,154
NgP3rz22M,OPPO Watch 4 Pro 2299，2499元，大家觉得怎么样？买不买？  原图 ,,https://wx3.sinaimg.cn/large/6f91bc6fgy1hhdn6x57wmj21400nmjt8.jpg,无,无,2023-08-29 15:25,Ultra Max Android,762,3,159
NgOOhDB5V,话说竖折的外屏应该没多少人真正会去日常交互使用吧？更多的是看一些简单的信息预览~  [组图共2张] 原图 ,,"http://ww3.sinaimg.cn/large/6f91bc6fgy1hhdm3xac4aj21u00u00vi.jpg,http://ww4.sinaimg.cn/large/6f91bc6fgy1hhdm3xpuzqj21400kfmyv.jpg",无,无,2023-08-29 14:47,Ultra Max Android,279,4,60
NgOyuEzyN,今天还有其他手机发布会？？？  ,,无,无,无,2023-08-29 14:08,Ultra Max Android,1934,6,136
NgNSLzjqw,#华为Mate60#  Mate60Pro官方配置信息：麒麟9000S处理器，6.82英寸，2720*1260，1440Hz高频PWM调光，昆仑玻璃。前置3D人脸识别+屏下指纹，三颗摄像头，内存12GB，5000W主摄 F1.4-4.0可变光圈，4800W长焦（3.5X支持微距），1200W像素超广角，双频GPS，四频北斗。5000mAh电池+88W快充+50W无线。79mm...全文 [组图共9张] 原图 ,,"http://ww2.sinaimg.cn/large/6f91bc6fly1hhdhzkt4w1j20ja0l3tbk.jpg,http://ww2.sinaimg.cn/large/6f91bc6fly1hhdhzl0485j20xt0ykqcb.jpg,http://ww2.sinaimg.cn/large/6f91bc6fly1hhdhzl1nwnj21mh152k2q.jpg,http://ww2.sinaimg.cn/large/6f91bc6fly1hhdhzl1c46j21kv15ddt3.jpg,http://ww3.sinaimg.cn/large/6f91bc6fly1hhdhzkzyv0j20x70xrtj7.jpg,http://ww1.sinaimg.cn/large/6f91bc6fly1hhdhzl6zctj21np160wy0.jpg,http://ww1.sinaimg.cn/large/6f91bc6fly1hhdhzkzkh0j21lj1aagts.jpg,http://ww4.sinaimg.cn/large/6f91bc6fly1hhdhzkw3vbj21m20zxagc.jpg,http://ww3.sinaimg.cn/large/6f91bc6fly1hhdhzswcdhj21mh1bhgqs.jpg",无,无,2023-08-29 12:26,微博网页版,11952,251,840
NgNR18MkM,#华为Mate60# Mate60Pro 目前开售的总共四个颜色：黑色、绿色、白色、紫色  [组图共4张] 原图 ,,"http://ww2.sinaimg.cn/large/6f91bc6fly1hhdhw4p75rj20jq0kz776.jpg,http://ww4.sinaimg.cn/large/6f91bc6fly1hhdhw4q4g2j20jc0l2dib.jpg,http://ww3.sinaimg.cn/large/6f91bc6fly1hhdhw4nydhj20ir0l10vl.jpg,http://ww4.sinaimg.cn/large/6f91bc6fly1hhdhw4oa9tj20ja0l3tbk.jpg",无,无,2023-08-29 12:21,微博网页版,289,7,100
微博id,微博正文,发布时间,点赞数,转发数,评论数
NhaQceFiY,#华为Mate60Pro+#  Mate60标准版和Mate60Pro都是毫无预兆的开售，那么Mate60Pro+有没有可能这两天官网搞突袭？  [组图共2张] 原图 ,2023-08-31 17:52,145,1,44
Nh9xfvSbk,iQOO Z8：天玑8200，LCD，6400W+OIS主摄，5000mAh+120W，8+256GB 1599元，12+256GB 1799元，12+512GB 1999元；iQOO Z8X：骁龙6Gen1，LCD，5000W主摄，6000mAh+44W，8+12GB 1199元，8+256GB 1299元，12+256GB 1499元；  [组图共2张] 原图 ,2023-08-31 19:33,213,6,97
Nh9g62qEH,Mate60Pro更新了，优化性能和稳定性，优化相机稳定性，提升拍摄效果  原图 ,2023-08-31 18:51,695,1,173
Nh9eT0fTr,[送花花]视频来啦~  原图 ,2023-08-31 18:48,454,5,101
Nh8lWhzpP,越用越懵逼! 么？红米K60至尊版 全面评测：对比Ace2、Neo8Pro 大米评测的微博视频  ,2023-08-31 16:32,439,574,173
Nh8l6dRTN,Mate60Pro视频，今晚见~  ,2023-08-31 16:30,626,1,137
Nh84QCeeq,话说OPPO，现在大家习惯叫绿厂还是黑厂？  ,2023-08-31 15:50,833,1,190
Nh83778Mv,华子这波是真的猛，前几天大家还激烈在讨论一加Ace2Pro和K60至尊版，Mate60系列一来，连这两台热门线上机的声音都没了，更不用说Realme的GT5、OPPO的新折叠。。。  ,2023-08-31 15:46,2647,16,329
Nh7e1l05j,华为商城目前在APP Store免费软件里排名第五，啥叫真正的国际大厂啊～ #华为商城App登顶苹果AppStore榜第一#  原图 ,2023-08-31 13:40,765,5,121
Nh6Otd6Rs,果子iPhone15发布时间是9月13日，凌晨1点。“史诗级”升级Type-C是没跑了，从海报来看，可能间接意味着新机的配色，黑蓝色和钛灰色~今年iPhone15系列大家最期待的升级点是啥？ #iPhone15系列爆料#  [组图共2张] 原图 ,2023-08-31 12:37,476,3,163
Nh6KxvEeH,[我来了]各种颜色版本都陆续上架啦~小米13/13Ultra定制【面条壳】：小米13：大米定制：小米13 面条壳  超薄/肤感/精致/好用 小米13Ultra：大米定制：小米13Ultra 面条壳  超薄/肤感/精致/好用呼呼，经过3个月反复打磨，小米13系列面条壳终终终于是做出来了。设计这款壳的时候，我们的主要目标是既要又要，颜值、手感在线，同时保护性也要兼顾到一些。所以我们选择了超薄PC这个线路。原本以为6月中旬就可以上架，但实际开模，生产过程中遇到了些问题，反复调整了好多道工艺，现在终于和大家见面了！优点： 保护性：PC材质比PP硬度更高，保护性更好。超薄：实测侧边厚度约0.85mm，相较于TPU边框，PC材质边框可以做薄但不易变形。背面算上凸起纹理约1mm，这款【面条壳】13非磁吸版本重量约15g，13Ultra非磁吸版本重量约17g，配合细腻的肤感涂层，手感妥妥的，这个大家可以买来感受下。 后盖加入了面条纹理，一方面是可以有效防滑，带来更好的握持手感，另外凹凸的面条纹理，在不同光线下还能够呈现独特的明暗对比效果，提升保护壳的质感。缺点：生产过程中会一道工序进行肤感油喷涂，内部四个边角仔细看会有一个小凹点（治具固定留下），半透颜色版本这四个小点会透出来，戴上后不仔细看，其实不明显，当然介意这点的话，建议选择实色版本。沁白、纯白配色，相对容易显脏，时间长了之后也会出现局部轻微泛黄，耐脏性比较好的是沁灰、橘橙。夜紫在反光条线下容易显油污。这个大家根据自己的使用环境来选择。             [组图共12张]      原图                             ,2023-08-31 12:27,33,1,17
Nh6Hp6U1y,办公区楼下，同样电信5G卡，Mate60Pro能跑到530Mbps，P60Pro只能跑到117Mbps  #华为mate60#  [组图共2张] 原图 ,2023-08-31 12:20,792,6,193
Nh6s4b3GU,实测下来，Mate60Pro只要没有显示4G图标，那么当前就是5G网络状态  #华为mate60#大米评测的微博视频  ,2023-08-31 11:42,1971,61,321
Nh6eZosyf,话说Mate60系列发布会还会开么？官网直接开售后，好像到目前为止，没有其它关于发布会的预热信息来着？  ,2023-08-31 11:10,581,2,99
Nh6a0hdNg,Mate60Pro游戏性能部分目前能够横向对比参考的环节其实不多，感觉还是得等一波更新看看。比如目前原神会贴图错误，星铁星槎海中枢跑图也贴图错误，王者荣耀最高只有60帧，另外很多测试软件其实测不到麒麟9000S的那颗高频大核频率，软件能够读到的基本只有2.15GHz频率的大核。  ,2023-08-31 10:57,1672,7,384
Nh5F06KeC,今天开足马力，争取把Mate60Pro的体验视频做出来~  ,2023-08-31 09:41,1782,0,265
Nh5pPbv4P,Mate60Pro绿色甄姬实拍，大家更喜欢白色还是绿色？  #华为mate60#  [组图共8张] 原图 ,2023-08-31 09:04,695,8,273
Nh53LnE3D,早呀，Mate60Pro白色甄姬实拍，外观10分能打几分  #华为mate60#  [组图共8张] 原图 ,2023-08-31 08:09,1350,24,469
NgPt7aQJh,刷首页好像Mate60Pro线下开售就深圳有？官网抢了一台绿色，不过看实拍图，感觉还是白色好看，比较期待这次麒麟9000S的表现，坐等官网发货了~  原图 ,2023-08-29 16:28,1285,5,330
NgP4cy2f2,OPPO Find N3 Flip：12+256G 6799元，12+512G 7599元    ~感觉华子上线Mate60Pro后，今天这机子毫无热度。  原图 ,2023-08-29 15:26,1157,2,154
NgP3rz22M,OPPO Watch 4 Pro 2299，2499元，大家觉得怎么样？买不买？  原图 ,2023-08-29 15:25,762,3,159
NgOOhDB5V,话说竖折的外屏应该没多少人真正会去日常交互使用吧？更多的是看一些简单的信息预览~  [组图共2张] 原图 ,2023-08-29 14:47,279,4,60
NgOyuEzyN,今天还有其他手机发布会？？？  ,2023-08-29 14:08,1934,6,136
NgNSLzjqw,#华为Mate60#  Mate60Pro官方配置信息：麒麟9000S处理器，6.82英寸，2720*1260，1440Hz高频PWM调光，昆仑玻璃。前置3D人脸识别+屏下指纹，三颗摄像头，内存12GB，5000W主摄 F1.4-4.0可变光圈，4800W长焦（3.5X支持微距），1200W像素超广角，双频GPS，四频北斗。5000mAh电池+88W快充+50W无线。79mm宽，8.1mm厚度，225g重量，支持IP68，12+512GB 6999元；             [组图共9张]      原图                             ,2023-08-29 12:26,11952,251,840
NgNR18MkM,#华为Mate60# Mate60Pro 目前开售的总共四个颜色：黑色、绿色、白色、紫色  [组图共4张] 原图 ,2023-08-29 12:21,289,7,100
NgNP95wjy,#华为Mate60# 华为Mate60Pro官网直接开售了...外观确认是昨天曝光的样子，正面是三颗摄像头  [组图共4张] 原图 ,2023-08-29 12:17,748,19,170
NgGKy429b,大A今天这属于是高开低走了  原图 ,2023-08-28 18:16,442,3,83
NgG06sx6A,目前2500-3000档位这几款机子，大家会选哪个？iQOO Neo8Pro、K60至尊版、一加Ace2Pro、真我GT5~ 目前2500-3000档位这几款机子，大家会选哪个？  ,2023-08-28 16:22,9241,11,208
NgFZqfwDz,等等，这茶饮竟然是小米生态链的  原图 ,2023-08-28 16:20,1179,9,136
NgFYM4p8b,据说小鹏G9改款加了双风冷无线，去掉了中台部分的钢琴烤漆，新增白色内饰，确实是把G9之前内饰的一些主要槽点改了。话说老G9用户能付费+双风冷无线么？原来那个不仅充电热，而且类皮材质很容易吸灰变脏。  [组图共2张] 原图 ,2023-08-28 16:18,124,2,31
NgFD74NZC,真我 GT5 8Gen2，150W版本12+256GB 2999元，16+512GB 3299元，240W版本24+1TB 3799元，大家觉得怎么样？买不买？  [组图共3张] 原图 ,2023-08-28 15:25,1654,19,198
NgFBPzkSa,第二代骁龙8标杆产品是：？  原图 ,2023-08-28 15:22,1166,14,135
NgFzDDKho,三频GPS，四频北斗  原图 ,2023-08-28 15:16,99,2,24
NgFwVd1dh,240W+4600mAh，150W+5240mAh，那肯定选后者啊  原图 ,2023-08-28 15:10,285,3,71
NgFwCAXJy,150W+5240mAh  原图 ,2023-08-28 15:09,95,0,32
NgFvWkEce,SuperVooc S 99.5%的放电效率  [组图共2张] 原图 ,2023-08-28 15:07,70,1,23
NgFuL2L4x,对于手机游戏插帧依然无感  原图 ,2023-08-28 15:04,99,0,37
NgFrCjZyr,游戏专属内存，可以添加6款任意游戏，支持后台挂机  原图 ,2023-08-28 14:57,107,1,29
NgFr67zoi,24GB+1TB  [组图共2张] 原图 ,2023-08-28 14:55,50,1,18
NgFqxuNDa,一加说：我普及大内存真我说：我普及大内存  原图 ,2023-08-28 14:54,235,2,45
NgFpRyjvs,燃模式，连上散热背夹，CPU频率直接拉满  原图 ,2023-08-28 14:52,56,0,19
NgFoK84di,CPU 极客性能面板~开放CPU频率调整，不过参考之前的魅族18系列，应该没有开放温控限制  原图 ,2023-08-28 14:50,88,1,20
NgFo2nXMn,友商是：？  原图 ,2023-08-28 14:48,198,1,54
NgFnx6YWH,8Gen2  原图 ,2023-08-28 14:47,65,2,12
NgFmwr4VQ,超窄边框直屏，没有大塑料支架 估计iQOO下一代也要去掉塑料支架了吧~  原图 ,2023-08-28 14:44,171,0,27
NgFmcATe4,背面的灯基本还是装饰效果，日常使用实用性其实很低  原图 ,2023-08-28 14:43,76,0,22
NgFlrnBPE,4条灯带  原图 ,2023-08-28 14:41,60,1,22
NgFkD7uzw,星雾绿洲  原图 ,2023-08-28 14:39,22,0,5
NgFjryRFg,流银幻境，美不美，打几分？  原图 ,2023-08-28 14:37,81,0,41
NgFi9ubrN,不可思议的曲面？  原图 ,2023-08-28 14:33,191,1,41
NgFhmq2pB,猜一个Realme GT5的售价？  原图 ,2023-08-28 14:31,177,0,136
NgFfBlDqv,最近疯狂进货各种茶饮，平仄乌龙茶大家喝过吗？  原图 ,2023-08-28 14:27,101,0,36
NgE9RgrP2,[我来了]各种颜色版本都陆续上架啦~小米13/13Ultra定制【面条壳】：小米13：大米定制：小米13 面条壳  超薄/肤感/精致/好用 小米13Ultra：大米定制：小米13Ultra 面条壳  超薄/肤感/精致/好用呼呼，经过3个月反复打磨，小米13系列面条壳终终终于是做出来了。设计这款壳的时候，我们的主要目标是既要又要，颜值、手感在线，同时保护性也要兼顾到一些。所以我们选择了超薄PC这个线路。原本以为6月中旬就可以上架，但实际开模，生产过程中遇到了些问题，反复调整了好多道工艺，现在终于和大家见面了！优点： 保护性：PC材质比PP硬度更高，保护性更好。超薄：实测侧边厚度约0.85mm，相较于TPU边框，PC材质边框可以做薄但不易变形。背面算上凸起纹理约1mm，这款【面条壳】13非磁吸版本重量约15g，13Ultra非磁吸版本重量约17g，配合细腻的肤感涂层，手感妥妥的，这个大家可以买来感受下。 后盖加入了面条纹理，一方面是可以有效防滑，带来更好的握持手感，另外凹凸的面条纹理，在不同光线下还能够呈现独特的明暗对比效果，提升保护壳的质感。缺点：生产过程中会一道工序进行肤感油喷涂，内部四个边角仔细看会有一个小凹点（治具固定留下），半透颜色版本这四个小点会透出来，戴上后不仔细看，其实不明显，当然介意这点的话，建议选择实色版本。沁白、纯白配色，相对容易显脏，时间长了之后也会出现局部轻微泛黄，耐脏性比较好的是沁灰、橘橙。夜紫在反光条线下容易显油污。这个大家根据自己的使用环境来选择。             [组图共12张]      原图                             ,2023-08-28 11:40,40,0,33
NgDJljjAv,网传的最新华为Mate60外观，和之前爆料吻合。浅色版本下半部分有一个圆形拼接设计，星环摄像头回归，不过比Mate40Pro那会更大了，有点和今年荣耀X50的模组类似。  [组图共3张] 原图 ,2023-08-28 10:35,651,9,174
NgxIX9L2Q,K60至尊版视频发啦  原图 ,2023-08-27 19:17,899,6,232
NgwHhpqZB,最近工作室的饮料都变成东方树叶了。。。  原图 ,2023-08-27 16:41,482,3,162
Ngwt0yiNE,据说iPhone15Pro系列开始减重了14Pro 206g，15Pro 191g14Pro Max 240g，15Pro Max 221g加上15系列中框部分更加圆润，Pro Max机型的手感应该会有很大改进。  [组图共2张] 原图 ,2023-08-27 16:05,310,9,108
NguFgAKNx,[我来了]各种颜色版本都陆续上架啦~小米13/13Ultra定制【面条壳】：小米13：大米定制：小米13 面条壳  超薄/肤感/精致/好用 小米13Ultra：大米定制：小米13Ultra 面条壳  超薄/肤感/精致/好用呼呼，经过3个月反复打磨，小米13系列面条壳终终终于是做出来了。设计这款壳的时候，我们的主要目标是既要又要，颜值、手感在线，同时保护性也要兼顾到一些。所...全文 [组图共12张] 原图 ,2023-08-27 11:30,42,0,27
Ngmhv545P,翻译翻译，什么叫商务水桶机？ThinkBook14+ 2023 锐龙版 体验&拆解 大米评测的微博视频  ,2023-08-26 14:10,439,905,206
NgkDBl6qU,【闲聊】中端机 30W无线充电  vs IP68 vs 大尺寸马达 三选一的话你会选哪个？ 中端机 30W无线充电  vs IP68 vs 大尺寸马达 三选一的话你会选哪个？  ,2023-08-26 09:59,11125,9,251
NgkC0tqno,周六早呀，今天都准备干嘛？  ,2023-08-26 09:55,233,0,77
NgdUw5emw,轻启动公众号发文，表示也中招了，后续新版本将会移除“自动跳过”相关功能。  [组图共2张] 原图 ,2023-08-25 16:51,1303,29,214
NgbOB54NW,#iPhone15Pro新增灰色# 每年iPhone Pro系列都是一个新配色+3个基础色，iPhone13Pro系列是远峰蓝，iPhone14Pro系列是黑紫，iPhone15Pro系列爆料消息是钛灰色。当然如果不追新，不知道怎么选，选iPhone的银色肯定不会出错~  原图 ,2023-08-25 11:31,524,24,88
NgbKfv7RO,40款旗舰大比拼：谁是续航王中王？为什么有些手机续航尿崩 大米评测的微博视频  抽奖详情  ,2023-08-25 11:20,607,977,253
Ng4r6s2Ms,【闲聊】大家目前对手机拍照的需求是怎么样的？ 对手机拍照的需求是怎么样的？  ,2023-08-24 16:44,9832,14,180
Ng4pEB5BW,#多平台食用盐显示缺货#  啊？抢盐真的没必要，国内产盐大多是井矿盐。  ,2023-08-24 16:40,1620,9,176
Ng4oJ06eX,#日本核污染水排海正式开始# 日本排的不是核废水，是核污水！这特么就是断子绝孙行为。  ,2023-08-24 16:38,2392,16,282
Ng3IGrMOu,真我GT5 官方渲染图，满分10分，你会给几分？设计上来说其实和GT Neo5比较接近，后面依然有一个灯带装饰，但这次摄像头一整块黑色延展到了左右边框区域。屏幕塑料支架应该也去掉了吧？毕竟这是中端机大趋势。  [组图共3张] 原图 ,2023-08-24 14:54,542,1,186
Ng2RWwPYE,#日本核污染水排海正式开始#   原图 ,2023-08-24 12:44,1463,11,276
Ng2LACf89,[我来了]各种颜色版本都陆续上架啦~小米13/13Ultra定制【面条壳】：小米13：大米定制：小米13 面条壳  超薄/肤感/精致/好用 小米13Ultra：大米定制：小米13Ultra 面条壳  超薄/肤感/精致/好用呼呼，经过3个月反复打磨，小米13系列面条壳终终终于是做出来了。设计这款壳的时候，我们的主要目标是既要又要，颜值、手感在线，同时保护性也要兼顾到一些。所以我们选择了超薄PC这个线路。原本以为6月中旬就可以上架，但实际开模，生产过程中遇到了些问题，反复调整了好多道工艺，现在终于和大家见面了！优点： 保护性：PC材质比PP硬度更高，保护性更好。超薄：实测侧边厚度约0.85mm，相较于TPU边框，PC材质边框可以做薄但不易变形。背面算上凸起纹理约1mm，这款【面条壳】13非磁吸版本重量约15g，13Ultra非磁吸版本重量约17g，配合细腻的肤感涂层，手感妥妥的，这个大家可以买来感受下。 后盖加入了面条纹理，一方面是可以有效防滑，带来更好的握持手感，另外凹凸的面条纹理，在不同光线下还能够呈现独特的明暗对比效果，提升保护壳的质感。缺点：生产过程中会一道工序进行肤感油喷涂，内部四个边角仔细看会有一个小凹点（治具固定留下），半透颜色版本这四个小点会透出来，戴上后不仔细看，其实不明显，当然介意这点的话，建议选择实色版本。沁白、纯白配色，相对容易显脏，时间长了之后也会出现局部轻微泛黄，耐脏性比较好的是沁灰、橘橙。夜紫在反光条线下容易显油污。这个大家根据自己的使用环境来选择。             [组图共12张]      原图                             ,2023-08-24 12:29,47,1,37
Ng2KR9ecp,网传的iPhoen15系列原装C-C数据线，编织网材质，数据线颜色和机身颜色匹配。另外就是最近新闻经常看到说iPhone上C口会进行加密，用常规C口线无法传输数据，满功率充电巴拉巴拉。但按照iPadPro的情况来看，可能性很低啊，毕竟这么多年iPadPro 用普通C-C数据线都正常~  [组图共4张] 原图 ,2023-08-24 12:27,204,1,84
Ng2Geh7sU,一加Ace2Pro 24GB版本已售超过6W台，话说现阶段买新机你会优先考虑24GB版本还是16GB版本？  原图 ,2023-08-24 12:16,854,2,270
Ng1Rx8eXy,#李跳跳# 发文表示无限期停止更新公告，因为收到了某软件厂商的律师函。律师函中这段就很魔幻的：最终造成消费者福祉的减损...看广告叫福祉是吧？为啥就没人好好管管各种APP上乱七八糟一堆广告呢？有些应用的开屏广告或者内置跳屏广告就离谱，迷惑性的XX按钮，一不小心碰到就直接跳转，或者有时候压根一眼就找不到关闭按钮的。             [组图共4张]      原图                             ,2023-08-24 10:11,7184,435,1000
NfWE3rHqM,#东方树叶 三得利# 人到中年确实更喜欢喝无糖的茶饮，最近喝东方树叶多一些，希望两家卷一卷，把价格打下来~  原图 ,2023-08-23 20:54,1308,10,203
NfUZVitPQ,【闲聊】假如让你回到10年前，你会考虑做哪些投资？或者创业项目？  ,2023-08-23 16:42,938,4,246
NfTJ22Waz,#iPhone15Pro被曝的21项变化# 主要提升还是L口换C口，USB2.0换USB3.0，A16换A17，ProMax版本支持潜望长焦，快充功率最高提升到35W，屏幕边框更窄，直角边框打磨更圆润了。  [组图共2张] 原图 ,2023-08-23 13:28,1564,36,287
NfTfFwdZr,官网买的一加Ace2Pro到了，外观满分10分，你会给几分？  [组图共6张] 原图 ,2023-08-23 12:15,1958,25,591
NfS1KENga,京东Plus会员现在变成无限免邮了，原来的10倍返京豆，变成最高3%购物返利。  原图 ,2023-08-23 09:08,918,16,316
NfLIAqVq3,一加Ace2Pro：4年3次安卓大版本升级K60至尊版：5年4次安卓大版本升级  [组图共2张] 原图 ,2023-08-22 17:05,2016,22,479
NfLHs8wNQ,小米的ICP备案域名：miOS.cn ，看来是要为小米汽车做准备？  原图 ,2023-08-22 17:02,803,4,120
NfLCaDzzW,手机现在都开始用上24GB内存了，那么问题来了：大家台式机、笔记本上的内存现在多大？我是32GB DDR5 7000MHz 大家台式机、笔记本上的内存现在多大？  ,2023-08-22 16:49,6943,11,214
NfKPy4kyU,#iPhone15ProMax或改名Ultra# 反正今年还是4款，感觉改不改名意义不大，目前手机壳厂给到的手机壳样品来看，确实更加圆润了，Max版本的割手问题会有所缓解。当然今年Pro和ProMax可能会摄像头会做差异化区分，超大杯上潜望长焦，Pro还是直筒长焦，标准版和Plus没有长焦，都用主摄4800W像素的2X裁切~  原图 ,2023-08-22 14:49,359,1,110
NfKIT1Nvz,8月14-8月20日，理想的新能源汽车销量周榜又来了~新势力品牌：①理想，0.8W②蔚来，0.41W③深蓝，0.33W④小鹏，0.32W⑤零跑，0.29W⑥腾势，0.24W⑦哪吒，0.20W⑧极氪，0.15W⑨问界，0.07W⑩魏牌，0.07W中国市场新能源品牌销量：①比亚迪，4.83W②特斯拉，1.39W③埃安，1.04W④理想，0.80W⑤五菱，0.71W⑥长安，0.53W⑦蔚来，0.41W⑧大众，0.33W⑨深蓝，0.33W⑩小鹏，0.32W             [组图共3张]      原图                             ,2023-08-22 14:33,470,3,96
NfKaV4zRP,【闲聊】今年手机存储白菜价，512GB和1TB全面普及，那么256GB存储容量版本，对你来说还够用吗？  原图 ,2023-08-22 13:09,384,9,255
NfK889rFj,真我GT5 首发极客性能面板，可以自定义处理器运行频率，我记得这个之前魅族18系列上好像也有，类似于Root之后装Scene的效果，不过手机厂商默认集成的这个大概率是改不了温控的，该降频还是会降频。  原图 ,2023-08-22 13:02,336,5,62
NfJCeadPK,[我来了]各种颜色版本都陆续上架啦~小米13/13Ultra定制【面条壳】：小米13：大米定制：小米13 面条壳  超薄/肤感/精致/好用 小米13Ultra：大米定制：小米13Ultra 面条壳  超薄/肤感/精致/好用呼呼，经过3个月反复打磨，小米13系列面条壳终终终于是做出来了。设计这款壳的时候，我们的主要目标是既要又要，颜值、手感在线，同时保护性也要兼顾到一些。所以我们选择了超薄PC这个线路。原本以为6月中旬就可以上架，但实际开模，生产过程中遇到了些问题，反复调整了好多道工艺，现在终于和大家见面了！优点： 保护性：PC材质比PP硬度更高，保护性更好。超薄：实测侧边厚度约0.85mm，相较于TPU边框，PC材质边框可以做薄但不易变形。背面算上凸起纹理约1mm，这款【面条壳】13非磁吸版本重量约15g，13Ultra非磁吸版本重量约17g，配合细腻的肤感涂层，手感妥妥的，这个大家可以买来感受下。 后盖加入了面条纹理，一方面是可以有效防滑，带来更好的握持手感，另外凹凸的面条纹理，在不同光线下还能够呈现独特的明暗对比效果，提升保护壳的质感。缺点：生产过程中会一道工序进行肤感油喷涂，内部四个边角仔细看会有一个小凹点（治具固定留下），半透颜色版本这四个小点会透出来，戴上后不仔细看，其实不明显，当然介意这点的话，建议选择实色版本。沁白、纯白配色，相对容易显脏，时间长了之后也会出现局部轻微泛黄，耐脏性比较好的是沁灰、橘橙。夜紫在反光条线下容易显油污。这个大家根据自己的使用环境来选择。             [组图共10张]      原图                             ,2023-08-22 11:44,43,0,31
NfHPXiRIt,大伙早呀[送花花]  ,2023-08-22 07:12,226,0,91
NfA9U5A9h,现实生活中，能够做到对事不对人的，其实挺少。普通朋友、同事之间，很多时候都会因为一件不愉快的事情，没有及时沟通和解导致人与人之间的关系疏远变化。至于网上嘛，能做到对事不对人就更少了~  ,2023-08-21 11:39,732,15,82
NfA8GclRt,Realme GT5，8月28日，猜一个起售价？  原图 ,2023-08-21 11:36,648,9,326
Nfh4JD5xE,【闲聊】电脑上大家现在都用啥浏览器？  ,2023-08-19 11:04,1158,24,526
Nfh2I4i1v,2023 Q2国内3500元以上机型出货量Top10：①iPhone14ProMax②iPhone14Pro③iPhone14④华为P60⑤iPhone13⑥小米13⑦荣耀90Pro⑧OPPO FindX6⑨iPhone14Plus⑩华为Mate50这个出货数据符合大家预期么？  原图 ,2023-08-19 10:59,2073,41,429
NfgY5ncnx,周六早呀，今天都啥安排？  原图 ,2023-08-19 10:48,505,13,143
NfbOmBXZf,#星穹铁道1.3# 有玩星穹铁道的么？三个兑换码，可以兑换300星琼~：RA2Q8CHG4ST8KTKR8DYY4TCUFAJ8RCGY5SVY  原图 ,2023-08-18 21:40,186,1,54
NfbdRFWu0,外媒消息，iPhone15换C口之后，充电功率提升到35W级别~可以说是超速了！  [组图共2张] 原图 ,2023-08-18 20:10,2223,38,343
Nf9MNkzM6,一加Ace2Pro：打破全价位全品牌所有机型预售记录，预售两天15W告罄K60至尊版：首销5分钟，销量突破22万台，全网2023年4K以下，价位段首销销量记录。哪个比较猛？  [组图共2张] 原图 ,2023-08-18 16:31,3647,11,634
Nf9d1zWBU,[我来了]小米13/13Ultra定制【面条壳】：小米13：大米定制：小米13 面条壳  超薄/肤感/精致/好用小米13Ultra：大米定制：小米13Ultra 面条壳  超薄/肤感/精致/好用呼呼，经过3个月反复打磨，小米13系列面条壳终终终于是做出来了。设计这款壳的时候，我们的主要目标是既要又要，颜值、手感在线，同时保护性也要兼顾到一些。所以我们选择了超薄PC这个线路。原本以为6月中旬就可以上架，但实际开模，生产过程中遇到了些问题，反复调整了好多道工艺，现在终于和大家见面了！优点： 保护性：PC材质比PP硬度更高，保护性更好。超薄：实测侧边厚度约0.85mm，相较于TPU边框，PC材质边框可以做薄但不易变形。背面算上凸起纹理约1mm，这款【面条壳】13非磁吸版本重量约15g，13Ultra非磁吸版本重量约17g，配合细腻的肤感涂层，手感妥妥的，这个大家可以买来感受下。 后盖加入了面条纹理，一方面是可以有效防滑，带来更好的握持手感，另外凹凸的面条纹理，在不同光线下还能够呈现独特的明暗对比效果，提升保护壳的质感。缺点：生产过程中会一道工序进行肤感油喷涂，内部四个边角仔细看会有一个小凹点（治具固定留下），半透颜色版本这四个小点会透出来，戴上后不仔细看，其实不明显，当然介意这点的话，建议选择实色版本。沁白、纯白配色，相对容易显脏，时间长了之后也会出现局部轻微泛黄，耐脏性比较好的是沁灰、橘橙。夜紫在反光条线下容易显油污。这个大家根据自己的使用环境来选择。             [组图共6张]      原图                             ,2023-08-18 15:03,85,0,46
Nf873DCUa,来一些K60至尊版的样张对比，①，②，③，你更喜欢哪个？（主摄/自动）  [组图共9张] 原图 ,2023-08-18 12:15,328,8,203
Nf85VhXP1,来一些K60至尊版的样张对比，①，②，③，你更喜欢哪个？（主摄/自动）  [组图共9张] 原图 ,2023-08-18 12:12,135,3,69
Nf85FB2za,来一些K60至尊版的样张对比，①，②，③，你更喜欢哪个？（主摄/自动）  [组图共9张] 原图 ,2023-08-18 12:12,100,2,41
Nf85h6PrL,来一些K60至尊版的样张对比，①，②，③，你更喜欢哪个？（主摄/自动）  [组图共9张] 原图 ,2023-08-18 12:11,73,2,45
Nf84S0YoR,来一些K60Ultra的样张对比，①，②，③，你更喜欢哪个？（主摄/自动）  [组图共9张] 原图 ,2023-08-18 12:10,111,6,80
Nf0dCFHl6,不开玩笑，手感颜值真的都很棒~定制的小米13Ultra【面条壳】上架啦：大米定制：小米13Ultra 面条壳  超薄/肤感/精致/好用其它几个颜色，下周陆续会生产出来~  [组图共3张] 原图 ,2023-08-17 16:09,81,3,47
NeY2L6kCH,图1，图2 喜欢哪个？（主摄2X变焦，自动）  [组图共6张] 原图 ,2023-08-17 10:37,528,17,221
NeRhZEqsD,K60至尊版的相机大家想看对比哪台？Ace2Pro开售还要等一段时间~  ,2023-08-16 17:25,1652,3,402
NeR2WbYbd,[我来了]小米13定制【面条壳】：网页链接呼呼，经过3个月反复打磨，小米13系列面条壳终终终于是做出来了。设计这款壳的时候，我们的主要目标是既要又要，颜值、手感在线，同时保护性也要兼顾到一些。所以我们选择了超薄PC这个线路。原本以为6月中旬就可以上架，但实际开模，生产过程中遇到了些问题，反复调整了好多道工艺，现在终于和大家见面了！优点： 保护性：PC材质比PP硬度更高，保护性更好。超薄：实测侧边厚度约0.85mm，相较于TPU边框，PC材质边框可以做薄但不易变形。背面算上凸起纹理约1mm，这款【面条壳】非磁吸版本重量约15g，配合细腻的肤感涂层，手感妥妥的，这个大家可以买来感受下。 后盖加入了面条纹理，一方面是可以有效防滑，带来更好的握持手感，另外凹凸的面条纹理，在不同光线下还能够呈现独特的明暗对比效果，提升保护壳的质感。缺点：生产过程中会一道工序进行肤感油喷涂，内部四个边角仔细看会有一个小凹点（治具固定留下），半透颜色版本这四个小点会透出来，戴上后不仔细看，其实不明显，当然介意这点的话，建议选择实色版本。沁白、纯白配色，相对容易显脏，时间长了之后也会出现局部轻微泛黄，耐脏性比较好的是沁灰、橘橙。夜紫在反光条线下容易显油污。这个大家根据自己的使用环境来选择。 大米评测的微博视频                                 ,2023-08-16 16:48,194,14,94
NeQQU7aU7,不知道明年iQOO 会不会加入中端机大战，Neo系列最火的还是Neo5那时候，后来存在感是逐年降低的感觉~  ,2023-08-16 16:19,1250,4,259
NeQPnxxOO,卢伟冰发微博了  原图 ,2023-08-16 16:15,4845,18,751
NeQMmd9Pl,一加Ace2Pro、K60至尊版、iQOO Neo8Pro大家会怎么选？ 一加Ace2Pro、K60至尊版、iQOO Neo8Pro大家会怎么选？  ,2023-08-16 16:07,14810,6,332
NeQKpCd02,一加Ace2Pro价格公布：12+256GB 2999元，16+512GB 3399元，24GB+1TB 3999元，大家觉得怎么样？买不买？  [组图共2张] 原图 ,2023-08-16 16:03,6049,40,697
NeQJcCfeC,对比K60至尊版  原图 ,2023-08-16 16:00,1967,12,272
NeQJ2ynDC,本来没有这页PPT，临时加的...对比小米13、K60Pro  [组图共2张] 原图 ,2023-08-16 15:59,2022,14,275
NeQIMh9se,前几天，雷总在发布会上...  原图 ,2023-08-16 15:59,1133,5,142
NeQI11DM6,那么到底会不会连夜睡服高管呢？  原图 ,2023-08-16 15:57,303,2,64
NeQHInppZ,去年3%，半年后Ace系列是友商K系列的56%  原图 ,2023-08-16 15:56,1008,1,108
NeQHuvbRF,一加Ace系列销量同比增长1537%（当然也和Ace1代拉胯有关）  原图 ,2023-08-16 15:55,234,1,43
NeQFQBLzT,好像说狗东上已经有价格曝光了2999？  ,2023-08-16 15:51,825,1,153
NeQE6nl8J,美依礼芽  [组图共3张] 原图 ,2023-08-16 15:47,586,2,136
NeQC2rwxW,这里的友商是？  [组图共2张] 原图 ,2023-08-16 15:42,766,6,120
NeQBv7zzI,主摄IMX890+OIS，全面继承OPPO旗舰系列的影像算法引擎和影像调校  [组图共2张] 原图 ,2023-08-16 15:41,438,1,81
NeQB0FaRH,2160Hz高频PWM调光（这次就不知道是不是低亮度高频，高亮度低频了）  原图 ,2023-08-16 15:39,235,2,46
NeQAM9lMb,短焦指纹有一个优点：成本比较便宜超薄指纹有一个缺点：成本比较贵其实吧，前几年2000-3000档很多在用超薄屏下啊  原图 ,2023-08-16 15:39,1138,4,247
NeQAotJUS,指纹来了  [组图共2张] 原图 ,2023-08-16 15:38,149,2,55
NeQzH5SMN,Q9+发光材料  原图 ,2023-08-16 15:36,323,2,46
NeQyZp5aw,C口150W  原图 ,2023-08-16 15:34,108,1,67
NeQyR7GkT,边充边玩，对比的友商是iQOO11S?  [组图共3张] 原图 ,2023-08-16 15:34,238,3,58
NeQxVqWT0,150W闪充，1600次充放电循环 剩余容量≥80%  [组图共2张] 原图 ,2023-08-16 15:32,569,2,79
NeQwN8ADo,天线增强  [组图共2张] 原图 ,2023-08-16 15:29,155,1,35
NeQvt0VtS,超薄屏下 vs 短焦指纹，相差多少钱？  ,2023-08-16 15:26,322,2,91
NeQutgseC,0809 少花1500万，0916 多花1500万  原图 ,2023-08-16 15:23,898,5,134
NeQtP38oT,问题不大，下个插件，大部分手机都可以画质全开  原图 ,2023-08-16 15:22,94,2,33
NeQsAx9BR,自适应画质。不会是根据负载压力自动降画质和分辨率吧？  [组图共2张] 原图 ,2023-08-16 15:19,344,1,57
NeQrSunxe,雨水触控，湿手也能够正常触控  [组图共3张] 原图 ,2023-08-16 15:17,409,1,99
NeQqeyMhK,原神，启动！  [组图共2张] 原图 ,2023-08-16 15:13,360,3,63
NeQom9wr7,9140mm² VC液冷板  [组图共2张] 原图 ,2023-08-16 15:08,281,0,47
NeQnDacXF,友商拿了一些少量的货量，就去抢首发。。。差点就报名字了  原图 ,2023-08-16 15:06,2041,5,223
NeQnpyt6Z,一加Ace2Pro可能是目前最流畅的手机  原图 ,2023-08-16 15:06,873,2,104
NeQmv8khg,72小时后台保活数量：16GB 31个 24GB 41个  原图 ,2023-08-16 15:04,283,0,60
NeQm7zidd,对比的友商好像是iQOO?  [组图共3张] 原图 ,2023-08-16 15:03,671,2,113
NeQkC9DKW,24GB内存，54个应用保活  [组图共2张] 原图 ,2023-08-16 14:59,346,0,60
NeQhTnM6C,线上每卖出3台16GB手机，有1台是一加  原图 ,2023-08-16 14:52,687,3,129
NeQhpy5VC,一加应该是不打算用天玑9300了吧？  ,2023-08-16 14:51,794,3,72
NeQh7B0y3,选处理器A可以少花2亿，选8Gen2需要多花2亿  原图 ,2023-08-16 14:50,1503,6,157
NeQf4wfwP,灰色质感不错，绿色不太行  [组图共3张] 原图 ,2023-08-16 14:45,216,0,53
NeQetB7ne,美不美打几分？  原图 ,2023-08-16 14:44,556,0,127
NeQe1uDVI,毫无疑问，全新一加Ace2Pro的设计理念，代表了一加对美学设计最前沿的思考  [组图共2张] 原图 ,2023-08-16 14:43,285,3,75
NeQcWsiBG,质感设计一直都是一加品牌的标签（一加Ace1代：不我不是）  原图 ,2023-08-16 14:40,390,0,45
NeQcqfQPh,中端机卷质感，Ace2系列确实做的好  原图 ,2023-08-16 14:39,125,1,29
NeQbZzC7D,8+128GB 凑数内存。。。  原图 ,2023-08-16 14:38,676,1,82
NeQbyoAnD,卡价位优先，只能做出平庸的产品  ,2023-08-16 14:37,443,1,64
NeQbl7ZPa,卡价位优先 vs 产品力优先  原图 ,2023-08-16 14:36,190,0,21
NeQaRkxmW,Ace2确实很不错，2V就算了  [组图共2张] 原图 ,2023-08-16 14:35,249,0,48
NeQaxun95,一加：性能手机引领者（不过这个前提是芯片本身行不行）  原图 ,2023-08-16 14:34,124,0,33
NeQ83yo5V,一加Ace2Pro 配置啥的基本都知道了，就看价格怎么样了，我猜2899？  原图 ,2023-08-16 14:28,387,1,131
NePL7hRNw,#原神枫丹正式启动# 已经好多天没有【原神！启动！】了，最近玩崩铁比较多点~  原图 ,2023-08-16 13:32,84,1,49
NePo5x8Nn,K60至尊版白色买到了，甄姬外观满分10分，你会打几分？  [组图共8张] 原图 ,2023-08-16 12:35,1100,6,426
NeJ4lwMfF,iQOO Neo8 Pro：你们不要再打啦！（不过这机子存在感是真的挺低）  原图 ,2023-08-15 20:30,1181,3,206
NeHMNaCMi,大米精选手机壳膜推荐：【小米13Ultra/Pro/标准版 超薄PP手感壳】超薄PP材质，还原裸机手感。网页链接【iPhone14系列】超薄PC纹理壳：PC材质兼顾一定的抗摔保护效果，镜头部分有效保护镜片，独立按键设计，有效提升按压手感，背面特殊纹理配合类肤质手感，无论颜值还是手感都能拿捏到位~网页链接【磁吸气泡支架】：强力磁吸，轻松吸附，可拉伸，可折叠，半斤机轻松缓解手指压力。网页链接【魅族20/20Pro】0.25mm高铝硅基材，配合超薄AB胶，不影响超声波屏下指纹解锁（需重新录入），边缘2.5D弧边打磨，配合优质涂层，无论吃鸡王者，都能持久顺滑。网页链接【FindX6/X6Pro】超清零感膜，涂层舒适，易于贴合。完整覆盖整个屏幕显示区域，比官方自带贴膜更好的软膜解决方案。网页链接【P60/P60Pro超薄PP手感壳】洛可可白配合透白PP壳，还原裸机手感，侧边代按键，颜值质感更上一个台阶。网页链接【iPhone14/13系列 磁吸风暴壳】：内置磁吸圈，撞色防摔，金属按键，细腻手感，有效保护。磁吸款：http://t.cn/A6KoO1H0非磁吸款：http://t.cn/A6KoO1H0【iPhone14/13系列 3D丝滑钢化膜】：0.33mm高铝基材，超耐用，表面电镀涂层，持久顺滑，边缘精密点胶，提升侧滑手感。http://t.cn/A6KoO1H0【iPhone14/13系列 超薄PC磁吸壳】：超薄PC材质，精准开孔，完美还原裸机手感，添加金属圈，支持Magsafe磁吸。磁吸款：http://t.cn/A6KoO1H0非磁吸款：http://t.cn/A6KoO1H0【小米13Ultra/Pro/12S系列超清零感膜二代】划痕修复能力Max，涂层舒适持久顺滑，清晰显示，附赠贴膜工具包，轻松贴合，特别适合曲面屏机型使用。http://t.cn/A6KoO1H0【K60/K50系列大弧钢化膜】一体无开孔，边缘大弧打磨，无论吃鸡还是王者都能够持久顺滑。http://t.cn/A6KoO1H0【Mate50/40系列超清零感膜二代】划痕修复能力Max，涂层舒适持久顺滑，清晰显示，附赠贴膜工具包，轻松贴合，特别适合曲面屏机型使用。http://t.cn/A6KoO1H0             [组图共10张]      原图                             ,2023-08-15 17:14,28,0,8
NeFlGhd6P,话说折叠屏用户有不戴壳，完全裸奔使用的么？  ,2023-08-15 11:01,182,26,84
NeFiyw4p7,一加直接把Ace2Pro相对K60至尊版的优势都列出来了，明天就等一个价格了~8Gen2 vs 天玑9200+超薄屏下 vs 短焦指纹0916 vs 0809150W vs 120W  [组图共4张] 原图 ,2023-08-15 10:54,5548,58,1059
NeADHAD03,直接来一个投票吧，K60Ultra 2599的情况下，Ace2Pro多少定价对你吸引力更大？ K60Ultra 2599的情况下，Ace2Pro多少定价对你吸引力更大？  ,2023-08-14 23:02,13514,6,364
NeApq2Bx2,K60至尊版 12+256GB 2599元，大家觉得一加Ace2Pro同容量价格大概会是多少？  原图 ,2023-08-14 22:27,2056,0,376
NeAjp905e,12999元~赛博狗  原图 ,2023-08-14 22:12,517,0,76
NeAbXuU3J,CyberDog2  原图 ,2023-08-14 21:54,411,1,72
NeAa9xCqI,K60至尊版 24+1TB 3599元，8月22日发售  原图 ,2023-08-14 21:49,2638,10,275
NeA9iDZ31,卧槽，K60至尊版 12+256GB 2599元  原图 ,2023-08-14 21:47,4079,49,652
NeA7fiHHP,主摄IMX800+OIS  原图 ,2023-08-14 21:42,334,1,64
NeA5NbgBt,最近有一个友商老要和我们比，我们就拿出来比一下，结果惨不忍睹  [组图共4张] 原图 ,2023-08-14 21:39,3146,18,300
NeA5w31iJ,价格对标K50至尊版？  [组图共4张] 原图 ,2023-08-14 21:38,183,1,44
NeA559yWS,5000mAh+120W快充  原图 ,2023-08-14 21:37,91,0,20
NeA3A4NUQ,天玑9200+，联合调校  原图 ,2023-08-14 21:33,158,1,42
NeA2F32xO,卢总呢？  [组图共2张] 原图 ,2023-08-14 21:31,282,0,53
NeA2vyk7S,小米手环8Pro 399元起  [组图共3张] 原图 ,2023-08-14 21:30,559,4,147
NeA0eBlyx,小米平板6 Max，8+，10000mAh，14英寸 2.8K屏，67W有线8+256GB 首销3599元，12+256GB 3799元，12+512GB 4199元，16+1TB 4599元；键盘799元，触控笔499元；  [组图共2张] 原图 ,2023-08-14 21:25,1328,10,203
NezVRnVPq,小米平板Max 14英寸  原图 ,2023-08-14 21:14,265,0,63
NezUL6mzW,小米MIX Fold312+256GB 8999元，16+512GB 9999元，16+1TB 10999元大家觉得怎么样？买不买？  [组图共2张] 原图 ,2023-08-14 21:11,459,7,139
NezUgF3bx,龙鳞纤维版  原图 ,2023-08-14 21:10,182,1,30
NezTo1oDo,5G信号，遥遥领先  原图 ,2023-08-14 21:08,255,3,47
NezSEvVVs,以后每一次发布会都会对标iPhone  原图 ,2023-08-14 21:06,242,1,79
NezOM0kkH,0.6X，1X，3.2X，5X，四摄，三颗有OIS  原图 ,2023-08-14 20:57,350,2,54
NezNtl7LE,67W+50W无线充电  [组图共2张] 原图 ,2023-08-14 20:53,140,0,39
NezMWb3Lz,内屏功耗降这么多？  [组图共2张] 原图 ,2023-08-14 20:52,297,1,46
NezMiz7VC,外屏续航  原图 ,2023-08-14 20:51,157,0,35
NezLQuPsc,新一代硅碳负极电池，4800mAh  [组图共2张] 原图 ,2023-08-14 20:49,191,2,42
NezJPdFFA,银行的大哥，能不能适配下？  原图 ,2023-08-14 20:44,900,6,64
NezJIuasy,自适应引擎平板很需要这个啊  原图 ,2023-08-14 20:44,191,0,31
NezJbk8tb,外屏6.56英寸，21:9，内屏8.03英寸，120Hz刷新率，1300nit峰值亮度，E6基材  [组图共3张] 原图 ,2023-08-14 20:43,60,0,22
NezGErTeu,我不知道友商为啥还在用CPI塑料膜，哎，我不知道啊，可能是为了省成本  原图 ,2023-08-14 20:37,749,2,89
NezGnA9Yk,UTG玻璃，0.03mm  原图 ,2023-08-14 20:36,80,0,17
NezFXB2SP,小米龙骨转轴，3级连杆结构，500000次折叠  [组图共6张] 原图 ,2023-08-14 20:35,68,0,22
NezEBDCea,MIX Fold3 合起来10.96mm，徕卡四摄  [组图共2张] 原图 ,2023-08-14 20:32,113,0,26
NezD0lwZx,百亿内参大模型，排名第一  [组图共2张] 原图 ,2023-08-14 20:28,206,0,53
NezCrxMpi,小爱同学 开启大模型升级  原图 ,2023-08-14 20:26,129,0,22
NezBLBiHQ,AI放在重要位置  原图 ,2023-08-14 20:25,70,0,21
NezBbbc37,5G标准必要专利声明①华为14.59%，②高通10.04%，中间略过，⑩小米4.1%  原图 ,2023-08-14 20:23,1455,16,128
NezxqmsXr,今天会有小米汽车的更多信息么？  ,2023-08-14 20:14,244,0,51
Nezxedpyo,人因梦想而伟大，又因坚持梦想而成长！  原图 ,2023-08-14 20:13,271,6,31
Nezw1rJoL,弹幕来看，大家对现在的MIUI明显不满意  [组图共2张] 原图 ,2023-08-14 20:10,650,11,175
Nezv9ESTy,哈哈，网友说：小米旗舰买双不买单，要等小米14  原图 ,2023-08-14 20:08,403,0,72
NezsUieUX,小米12不达预期，亏损严重  ,2023-08-14 20:03,1427,3,174
NezsO0wB1,小米13今年表现确实不错  原图 ,2023-08-14 20:03,196,1,40
NezrRuYY6,后来还在网上引起了很大的风波啊，这里我就不讲了  ,2023-08-14 20:00,226,0,38
NezrIE7AX,这真奶卡  [组图共2张] 原图 ,2023-08-14 20:00,74,2,15
NezqnFr6W,声音又突然变重了  原图 ,2023-08-14 19:57,68,0,20
NezoR61VA,嫩住了  原图 ,2023-08-14 19:53,117,0,19
NezoGFTns,奶卡找过我们同事告诉我：被我们拒绝了  原图 ,2023-08-14 19:52,502,3,31
Nezo37w5D,11U属于Dxo跑分很强，但上市初期的影像表现是真的不咋地，上市后优化了几个月才慢慢变好。  原图 ,2023-08-14 19:51,168,1,53
微博id,微博正文,发布时间,点赞数,转发数,评论数
NhaQceFiY,#华为Mate60Pro+#  Mate60标准版和Mate60Pro都是毫无预兆的开售，那么Mate60Pro+有没有可能这两天官网搞突袭？  [组图共2张] 原图 ,2023-08-31 22:52,384,3,80
Nh9xfvSbk,iQOO Z8：天玑8200，LCD，6400W+OIS主摄，5000mAh+120W，8+256GB 1599元，12+256GB 1799元，12+512GB 1999元；iQOO Z8X：骁龙6Gen1，LCD，5000W主摄，6000mAh+44W，8+12GB 1199元，8+256GB 1299元，12+256GB 1499元；  [组图共2张] 原图 ,2023-08-31 19:33,227,7,106
Nh9g62qEH,Mate60Pro更新了，优化性能和稳定性，优化相机稳定性，提升拍摄效果  原图 ,2023-08-31 18:51,720,2,180
Nh9eT0fTr,[送花花]视频来啦~  原图 ,2023-08-31 18:48,477,5,107
Nh8lWhzpP,越用越懵逼! 么？红米K60至尊版 全面评测：对比Ace2、Neo8Pro 大米评测的微博视频  ,2023-08-31 16:32,457,592,175
Nh8l6dRTN,Mate60Pro视频，今晚见~  ,2023-08-31 16:30,641,1,138
Nh84QCeeq,话说OPPO，现在大家习惯叫绿厂还是黑厂？  ,2023-08-31 15:50,845,1,190
